"Dist Code","Year","State Code","State Name","Dist Name","ANNUAL RAINFALL (Millimeters)"
"64","2012","5","Karnataka","Bangalore","601.5"
"64","2013","5","Karnataka","Bangalore","834.9"
"64","2014","5","Karnataka","Bangalore","900.4"
"64","2015","5","Karnataka","Bangalore","1088.5"
"65","1966","5","Karnataka","Kolar","852.2"
"65","1967","5","Karnataka","Kolar","513.6"
"65","1968","5","Karnataka","Kolar","502.2"
"65","1969","5","Karnataka","Kolar","693.4"
"65","1970","5","Karnataka","Kolar","586.7"
"65","1971","5","Karnataka","Kolar","536.0"
"65","1972","5","Karnataka","Kolar","677.4"
"65","1973","5","Karnataka","Kolar","683.9"
"65","1974","5","Karnataka","Kolar","728.4"
"65","1975","5","Karnataka","Kolar","833.5"
"65","1976","5","Karnataka","Kolar","488.1"
"65","1977","5","Karnataka","Kolar","800.2"
"65","1978","5","Karnataka","Kolar","650.2"
"65","1979","5","Karnataka","Kolar","792.2"
"65","1980","5","Karnataka","Kolar","461.2"
"65","1981","5","Karnataka","Kolar","807.1"
"65","1982","5","Karnataka","Kolar","511.5"
"65","1983","5","Karnataka","Kolar","611.4"
"65","1984","5","Karnataka","Kolar","638.9"
"65","1985","5","Karnataka","Kolar","475.7"
"65","1986","5","Karnataka","Kolar","667.8"
"65","1987","5","Karnataka","Kolar","586.7"
"65","1988","5","Karnataka","Kolar","680.2"
"65","1989","5","Karnataka","Kolar","556.1"
"65","1990","5","Karnataka","Kolar","633.0"
"65","1991","5","Karnataka","Kolar","1028.0"
"65","1992","5","Karnataka","Kolar","730.0"
"65","1993","5","Karnataka","Kolar","857.9"
"65","1994","5","Karnataka","Kolar","646.7"
"65","1995","5","Karnataka","Kolar","645.0"
"65","1996","5","Karnataka","Kolar","834.0"
"65","1997","5","Karnataka","Kolar","631.0"
"65","1998","5","Karnataka","Kolar","776.0"
"65","1999","5","Karnataka","Kolar","573.0"
"65","2000","5","Karnataka","Kolar","788.0"
"65","2001","5","Karnataka","Kolar","802.0"
"65","2002","5","Karnataka","Kolar","478.0"
"65","2003","5","Karnataka","Kolar","577.0"
"65","2004","5","Karnataka","Kolar","771.0"
"65","2005","5","Karnataka","Kolar","1199.0"
"65","2006","5","Karnataka","Kolar","594.0"
"65","2007","5","Karnataka","Kolar","840.0"
"65","2008","5","Karnataka","Kolar","632.0"
"65","2009","5","Karnataka","Kolar","570.5"
"65","2010","5","Karnataka","Kolar","806.0"
"65","2011","5","Karnataka","Kolar","643.0"
"65","2012","5","Karnataka","Kolar","717.8"
"65","2013","5","Karnataka","Kolar","663.8"
"65","2014","5","Karnataka","Kolar","518.0"
"65","2015","5","Karnataka","Kolar","1083.8"
"66","1966","5","Karnataka","Tumkur","685.7"
"66","1967","5","Karnataka","Tumkur","370.0"
"66","1968","5","Karnataka","Tumkur","537.0"
"66","1969","5","Karnataka","Tumkur","529.2"
"66","1970","5","Karnataka","Tumkur","552.8"
"66","1971","5","Karnataka","Tumkur","633.9"
"66","1972","5","Karnataka","Tumkur","697.5"
"66","1973","5","Karnataka","Tumkur","688.4"
"66","1974","5","Karnataka","Tumkur","756.9"
"66","1975","5","Karnataka","Tumkur","936.8"
"66","1976","5","Karnataka","Tumkur","351.8"
"66","1977","5","Karnataka","Tumkur","846.7"
"66","1978","5","Karnataka","Tumkur","618.5"
"66","1979","5","Karnataka","Tumkur","770.8"
"66","1980","5","Karnataka","Tumkur","641.5"
"66","1981","5","Karnataka","Tumkur","757.9"
"66","1982","5","Karnataka","Tumkur","494.0"
"66","1983","5","Karnataka","Tumkur","614.0"
"66","1984","5","Karnataka","Tumkur","587.1"
"66","1985","5","Karnataka","Tumkur","445.7"
"66","1986","5","Karnataka","Tumkur","637.2"
"66","1987","5","Karnataka","Tumkur","687.8"
"66","1988","5","Karnataka","Tumkur","839.3"
"66","1989","5","Karnataka","Tumkur","583.7"
"66","1990","5","Karnataka","Tumkur","550.0"
"66","1991","5","Karnataka","Tumkur","910.0"
"66","1992","5","Karnataka","Tumkur","647.0"
"66","1993","5","Karnataka","Tumkur","600.5"
"66","1994","5","Karnataka","Tumkur","505.2"
"66","1995","5","Karnataka","Tumkur","516.0"
"66","1996","5","Karnataka","Tumkur","684.0"
"66","1997","5","Karnataka","Tumkur","624.0"
"66","1998","5","Karnataka","Tumkur","727.0"
"66","1999","5","Karnataka","Tumkur","651.0"
"66","2000","5","Karnataka","Tumkur","785.0"
"66","2001","5","Karnataka","Tumkur","618.0"
"66","2002","5","Karnataka","Tumkur","521.0"
"66","2003","5","Karnataka","Tumkur","480.0"
"66","2004","5","Karnataka","Tumkur","763.0"
"66","2005","5","Karnataka","Tumkur","1027.0"
"66","2006","5","Karnataka","Tumkur","578.0"
"66","2007","5","Karnataka","Tumkur","830.5"
"66","2008","5","Karnataka","Tumkur","597.0"
"66","2009","5","Karnataka","Tumkur","724.5"
"66","2010","5","Karnataka","Tumkur","841.0"
"66","2011","5","Karnataka","Tumkur","549.0"
"66","2012","5","Karnataka","Tumkur","559.9"
"66","2013","5","Karnataka","Tumkur","654.2"
"66","2014","5","Karnataka","Tumkur","703.8"
"66","2015","5","Karnataka","Tumkur","939.3"
"67","1966","5","Karnataka","Mysore","666.5"
"67","1967","5","Karnataka","Mysore","540.2"
"67","1968","5","Karnataka","Mysore","731.9"
"67","1969","5","Karnataka","Mysore","755.9"
"67","1970","5","Karnataka","Mysore","808.5"
"67","1971","5","Karnataka","Mysore","1019.2"
"67","1972","5","Karnataka","Mysore","1044.5"
"67","1973","5","Karnataka","Mysore","743.6"
"67","1974","5","Karnataka","Mysore","546.5"
"67","1975","5","Karnataka","Mysore","742.1"
"67","1976","5","Karnataka","Mysore","486.5"
"67","1977","5","Karnataka","Mysore","840.7"
"67","1978","5","Karnataka","Mysore","699.0"
"67","1979","5","Karnataka","Mysore","878.8"
"67","1980","5","Karnataka","Mysore","795.3"
"67","1981","5","Karnataka","Mysore","913.1"
"67","1982","5","Karnataka","Mysore","545.9"
"67","1983","5","Karnataka","Mysore","715.5"
"67","1984","5","Karnataka","Mysore","721.2"
"67","1985","5","Karnataka","Mysore","594.1"
"67","1986","5","Karnataka","Mysore","708.0"
"67","1987","5","Karnataka","Mysore","679.6"
"67","1988","5","Karnataka","Mysore","667.4"
"67","1989","5","Karnataka","Mysore","654.1"
"67","1990","5","Karnataka","Mysore","436.0"
"67","1991","5","Karnataka","Mysore","901.0"
"67","1992","5","Karnataka","Mysore","794.0"
"67","1993","5","Karnataka","Mysore","742.0"
"67","1994","5","Karnataka","Mysore","991.4"
"67","1995","5","Karnataka","Mysore","663.0"
"67","1996","5","Karnataka","Mysore","911.0"
"67","1997","5","Karnataka","Mysore","875.0"
"67","1998","5","Karnataka","Mysore","791.0"
"67","1999","5","Karnataka","Mysore","912.0"
"67","2000","5","Karnataka","Mysore","955.0"
"67","2001","5","Karnataka","Mysore","743.0"
"67","2002","5","Karnataka","Mysore","586.0"
"67","2003","5","Karnataka","Mysore","633.0"
"67","2004","5","Karnataka","Mysore","810.0"
"67","2005","5","Karnataka","Mysore","1182.0"
"67","2006","5","Karnataka","Mysore","749.0"
"67","2007","5","Karnataka","Mysore","823.7"
"67","2008","5","Karnataka","Mysore","474.0"
"67","2009","5","Karnataka","Mysore","727.6"
"67","2010","5","Karnataka","Mysore","873.0"
"67","2011","5","Karnataka","Mysore","782.0"
"67","2012","5","Karnataka","Mysore","526.5"
"67","2013","5","Karnataka","Mysore","730.0"
"67","2014","5","Karnataka","Mysore","880.1"
"67","2015","5","Karnataka","Mysore","981.2"
"68","1966","5","Karnataka","Mandya","747.1"
"68","1967","5","Karnataka","Mandya","397.4"
"68","1968","5","Karnataka","Mandya","588.8"
"68","1969","5","Karnataka","Mandya","629.3"
"68","1970","5","Karnataka","Mandya","709.2"
"68","1971","5","Karnataka","Mandya","661.6"
"68","1972","5","Karnataka","Mandya","880.5"
"68","1973","5","Karnataka","Mandya","631.2"
"68","1974","5","Karnataka","Mandya","503.6"
"68","1975","5","Karnataka","Mandya","691.3"
"68","1976","5","Karnataka","Mandya","328.8"
"68","1977","5","Karnataka","Mandya","812.8"
"68","1978","5","Karnataka","Mandya","755.1"
"68","1979","5","Karnataka","Mandya","804.4"
"68","1980","5","Karnataka","Mandya","575.5"
"68","1981","5","Karnataka","Mandya","771.8"
"68","1982","5","Karnataka","Mandya","535.5"
"68","1983","5","Karnataka","Mandya","639.5"
"68","1984","5","Karnataka","Mandya","571.5"
"68","1985","5","Karnataka","Mandya","463.2"
"68","1986","5","Karnataka","Mandya","697.2"
"68","1987","5","Karnataka","Mandya","766.3"
"68","1988","5","Karnataka","Mandya","657.5"
"68","1989","5","Karnataka","Mandya","698.8"
"68","1990","5","Karnataka","Mandya","378.0"
"68","1991","5","Karnataka","Mandya","932.0"
"68","1992","5","Karnataka","Mandya","649.0"
"68","1993","5","Karnataka","Mandya","643.7"
"68","1994","5","Karnataka","Mandya","642.7"
"68","1995","5","Karnataka","Mandya","616.0"
"68","1996","5","Karnataka","Mandya","844.0"
"68","1997","5","Karnataka","Mandya","826.0"
"68","1998","5","Karnataka","Mandya","708.0"
"68","1999","5","Karnataka","Mandya","815.0"
"68","2000","5","Karnataka","Mandya","898.0"
"68","2001","5","Karnataka","Mandya","691.0"
"68","2002","5","Karnataka","Mandya","483.0"
"68","2003","5","Karnataka","Mandya","499.0"
"68","2004","5","Karnataka","Mandya","910.0"
"68","2005","5","Karnataka","Mandya","1202.0"
"68","2006","5","Karnataka","Mandya","529.0"
"68","2007","5","Karnataka","Mandya","709.4"
"68","2008","5","Karnataka","Mandya","492.0"
"68","2009","5","Karnataka","Mandya","604.7"
"68","2010","5","Karnataka","Mandya","864.0"
"68","2011","5","Karnataka","Mandya","664.0"
"68","2012","5","Karnataka","Mandya","514.0"
"68","2013","5","Karnataka","Mandya","609.3"
"68","2014","5","Karnataka","Mandya","787.0"
"68","2015","5","Karnataka","Mandya","851.1"
"69","1966","5","Karnataka","Hassan","1042.1"
"69","1967","5","Karnataka","Hassan","1041.1"
"69","1968","5","Karnataka","Hassan","1034.2"
"69","1969","5","Karnataka","Hassan","1007.3"
"69","1970","5","Karnataka","Hassan","992.5"
"69","1971","5","Karnataka","Hassan","1010.4"
"69","1972","5","Karnataka","Hassan","1289.6"
"69","1973","5","Karnataka","Hassan","1251.1"
"69","1974","5","Karnataka","Hassan","873.6"
"69","1975","5","Karnataka","Hassan","1315.6"
"69","1976","5","Karnataka","Hassan","925.9"
"69","1977","5","Karnataka","Hassan","1480.1"
"69","1978","5","Karnataka","Hassan","1484.2"
"69","1979","5","Karnataka","Hassan","1165.5"
"69","1980","5","Karnataka","Hassan","1377.3"
"69","1981","5","Karnataka","Hassan","1186.9"
"69","1982","5","Karnataka","Hassan","913.1"
"69","1983","5","Karnataka","Hassan","1118.6"
"69","1984","5","Karnataka","Hassan","1166.3"
"69","1985","5","Karnataka","Hassan","924.3"
"69","1986","5","Karnataka","Hassan","1092.2"
"69","1987","5","Karnataka","Hassan","962.3"
"69","1988","5","Karnataka","Hassan","817.9"
"69","1989","5","Karnataka","Hassan","886.1"
"69","1990","5","Karnataka","Hassan","686.0"
"69","1991","5","Karnataka","Hassan","1272.0"
"69","1992","5","Karnataka","Hassan","1503.0"
"69","1993","5","Karnataka","Hassan","1128.0"
"69","1994","5","Karnataka","Hassan","1581.0"
"69","1995","5","Karnataka","Hassan","1196.0"
"69","1996","5","Karnataka","Hassan","1272.0"
"69","1997","5","Karnataka","Hassan","1585.0"
"69","1998","5","Karnataka","Hassan","1258.0"
"69","1999","5","Karnataka","Hassan","1436.0"
"69","2000","5","Karnataka","Hassan","1417.0"
"69","2001","5","Karnataka","Hassan","1206.0"
"69","2002","5","Karnataka","Hassan","732.0"
"69","2003","5","Karnataka","Hassan","627.0"
"69","2004","5","Karnataka","Hassan","1005.0"
"69","2005","5","Karnataka","Hassan","1560.0"
"69","2006","5","Karnataka","Hassan","1146.0"
"69","2007","5","Karnataka","Hassan","1214.5"
"69","2008","5","Karnataka","Hassan","1325.0"
"69","2009","5","Karnataka","Hassan","1050.2"
"69","2010","5","Karnataka","Hassan","1676.0"
"69","2011","5","Karnataka","Hassan","1516.0"
"69","2012","5","Karnataka","Hassan","658.4"
"69","2013","5","Karnataka","Hassan","995.8"
"69","2014","5","Karnataka","Hassan","1049.9"
"69","2015","5","Karnataka","Hassan","997.7"
"70","1966","5","Karnataka","Shimoge","2277.3"
"70","1967","5","Karnataka","Shimoge","2827.7"
"70","1968","5","Karnataka","Shimoge","2797.8"
"70","1969","5","Karnataka","Shimoge","2946.9"
"70","1970","5","Karnataka","Shimoge","2875.0"
"70","1971","5","Karnataka","Shimoge","2453.6"
"70","1972","5","Karnataka","Shimoge","2209.3"
"70","1973","5","Karnataka","Shimoge","2422.1"
"70","1974","5","Karnataka","Shimoge","2621.7"
"70","1975","5","Karnataka","Shimoge","3202.0"
"70","1976","5","Karnataka","Shimoge","2290.3"
"70","1977","5","Karnataka","Shimoge","2604.9"
"70","1978","5","Karnataka","Shimoge","3652.8"
"70","1979","5","Karnataka","Shimoge","2392.7"
"70","1980","5","Karnataka","Shimoge","3731.8"
"70","1981","5","Karnataka","Shimoge","3118.0"
"70","1982","5","Karnataka","Shimoge","3336.7"
"70","1983","5","Karnataka","Shimoge","3638.7"
"70","1984","5","Karnataka","Shimoge","3286.5"
"70","1985","5","Karnataka","Shimoge","2900.9"
"70","1986","5","Karnataka","Shimoge","2804.5"
"70","1987","5","Karnataka","Shimoge","2074.0"
"70","1988","5","Karnataka","Shimoge","2307.3"
"70","1989","5","Karnataka","Shimoge","2140.4"
"70","1990","5","Karnataka","Shimoge","1445.0"
"70","1991","5","Karnataka","Shimoge","1667.0"
"70","1992","5","Karnataka","Shimoge","2755.0"
"70","1993","5","Karnataka","Shimoge","2275.5"
"70","1994","5","Karnataka","Shimoge","3114.1"
"70","1995","5","Karnataka","Shimoge","1969.0"
"70","1996","5","Karnataka","Shimoge","2064.0"
"70","1997","5","Karnataka","Shimoge","2742.0"
"70","1998","5","Karnataka","Shimoge","3038.0"
"70","1999","5","Karnataka","Shimoge","2796.0"
"70","2000","5","Karnataka","Shimoge","3007.0"
"70","2001","5","Karnataka","Shimoge","2251.0"
"70","2002","5","Karnataka","Shimoge","1383.0"
"70","2003","5","Karnataka","Shimoge","1277.0"
"70","2004","5","Karnataka","Shimoge","1605.0"
"70","2005","5","Karnataka","Shimoge","2113.0"
"70","2006","5","Karnataka","Shimoge","1847.0"
"70","2007","5","Karnataka","Shimoge","2373.4"
"70","2008","5","Karnataka","Shimoge","2422.0"
"70","2009","5","Karnataka","Shimoge","2418.8"
"70","2010","5","Karnataka","Shimoge","2754.0"
"70","2011","5","Karnataka","Shimoge","2869.0"
"70","2012","5","Karnataka","Shimoge","1913.0"
"70","2013","5","Karnataka","Shimoge","2756.4"
"70","2014","5","Karnataka","Shimoge","2977.9"
"70","2015","5","Karnataka","Shimoge","1590.4"
"71","1966","5","Karnataka","Chickmagalur","1508.2"
"71","1967","5","Karnataka","Chickmagalur","1921.6"
"71","1968","5","Karnataka","Chickmagalur","1840.3"
"71","1969","5","Karnataka","Chickmagalur","2055.2"
"71","1970","5","Karnataka","Chickmagalur","1866.8"
"71","1971","5","Karnataka","Chickmagalur","1587.0"
"71","1972","5","Karnataka","Chickmagalur","1735.4"
"71","1973","5","Karnataka","Chickmagalur","1914.5"
"71","1974","5","Karnataka","Chickmagalur","1778.8"
"71","1975","5","Karnataka","Chickmagalur","2048.1"
"71","1976","5","Karnataka","Chickmagalur","1288.2"
"71","1977","5","Karnataka","Chickmagalur","1772.5"
"71","1978","5","Karnataka","Chickmagalur","2034.6"
"71","1979","5","Karnataka","Chickmagalur","1890.9"
"71","1980","5","Karnataka","Chickmagalur","2353.4"
"71","1981","5","Karnataka","Chickmagalur","1550.3"
"71","1982","5","Karnataka","Chickmagalur","1574.4"
"71","1983","5","Karnataka","Chickmagalur","1621.5"
"71","1984","5","Karnataka","Chickmagalur","1646.4"
"71","1985","5","Karnataka","Chickmagalur","1211.6"
"71","1986","5","Karnataka","Chickmagalur","1495.6"
"71","1987","5","Karnataka","Chickmagalur","1225.7"
"71","1988","5","Karnataka","Chickmagalur","1468.7"
"71","1989","5","Karnataka","Chickmagalur","1512.7"
"71","1990","5","Karnataka","Chickmagalur","1823.0"
"71","1991","5","Karnataka","Chickmagalur","2004.0"
"71","1992","5","Karnataka","Chickmagalur","2409.0"
"71","1993","5","Karnataka","Chickmagalur","1854.4"
"71","1994","5","Karnataka","Chickmagalur","2297.7"
"71","1995","5","Karnataka","Chickmagalur","1798.0"
"71","1996","5","Karnataka","Chickmagalur","1658.0"
"71","1997","5","Karnataka","Chickmagalur","2288.0"
"71","1998","5","Karnataka","Chickmagalur","2040.0"
"71","1999","5","Karnataka","Chickmagalur","2107.0"
"71","2000","5","Karnataka","Chickmagalur","1957.0"
"71","2001","5","Karnataka","Chickmagalur","1595.0"
"71","2002","5","Karnataka","Chickmagalur","1438.0"
"71","2003","5","Karnataka","Chickmagalur","1381.0"
"71","2004","5","Karnataka","Chickmagalur","1820.0"
"71","2005","5","Karnataka","Chickmagalur","2332.0"
"71","2006","5","Karnataka","Chickmagalur","2067.0"
"71","2007","5","Karnataka","Chickmagalur","2638.6"
"71","2008","5","Karnataka","Chickmagalur","1684.0"
"71","2009","5","Karnataka","Chickmagalur","2105.2"
"71","2010","5","Karnataka","Chickmagalur","1998.0"
"71","2011","5","Karnataka","Chickmagalur","1772.0"
"71","2012","5","Karnataka","Chickmagalur","1609.2"
"71","2013","5","Karnataka","Chickmagalur","2201.1"
"71","2014","5","Karnataka","Chickmagalur","2131.1"
"71","2015","5","Karnataka","Chickmagalur","1692.0"
"72","1966","5","Karnataka","Chitradurga","509.1"
"72","1967","5","Karnataka","Chitradurga","292.9"
"72","1968","5","Karnataka","Chitradurga","468.2"
"72","1969","5","Karnataka","Chitradurga","514.1"
"72","1970","5","Karnataka","Chitradurga","491.2"
"72","1971","5","Karnataka","Chitradurga","448.6"
"72","1972","5","Karnataka","Chitradurga","520.3"
"72","1973","5","Karnataka","Chitradurga","368.3"
"72","1974","5","Karnataka","Chitradurga","546.6"
"72","1975","5","Karnataka","Chitradurga","714.8"
"72","1976","5","Karnataka","Chitradurga","195.8"
"72","1977","5","Karnataka","Chitradurga","668.5"
"72","1978","5","Karnataka","Chitradurga","481.3"
"72","1979","5","Karnataka","Chitradurga","573.1"
"72","1980","5","Karnataka","Chitradurga","575.9"
"72","1981","5","Karnataka","Chitradurga","494.1"
"72","1982","5","Karnataka","Chitradurga","529.3"
"72","1983","5","Karnataka","Chitradurga","447.6"
"72","1984","5","Karnataka","Chitradurga","452.9"
"72","1985","5","Karnataka","Chitradurga","360.1"
"72","1986","5","Karnataka","Chitradurga","579.6"
"72","1987","5","Karnataka","Chitradurga","650.0"
"72","1988","5","Karnataka","Chitradurga","658.0"
"72","1989","5","Karnataka","Chitradurga","519.8"
"72","1990","5","Karnataka","Chitradurga","492.0"
"72","1991","5","Karnataka","Chitradurga","706.0"
"72","1992","5","Karnataka","Chitradurga","700.0"
"72","1993","5","Karnataka","Chitradurga","557.0"
"72","1994","5","Karnataka","Chitradurga","504.4"
"72","1995","5","Karnataka","Chitradurga","328.0"
"72","1996","5","Karnataka","Chitradurga","575.0"
"72","1997","5","Karnataka","Chitradurga","494.0"
"72","1998","5","Karnataka","Chitradurga","525.0"
"72","1999","5","Karnataka","Chitradurga","588.0"
"72","2000","5","Karnataka","Chitradurga","669.0"
"72","2001","5","Karnataka","Chitradurga","496.0"
"72","2002","5","Karnataka","Chitradurga","522.0"
"72","2003","5","Karnataka","Chitradurga","-1.0"
"72","2004","5","Karnataka","Chitradurga","619.0"
"72","2005","5","Karnataka","Chitradurga","902.0"
"72","2006","5","Karnataka","Chitradurga","541.0"
"72","2007","5","Karnataka","Chitradurga","700.0"
"72","2008","5","Karnataka","Chitradurga","474.0"
"72","2009","5","Karnataka","Chitradurga","757.1"
"72","2010","5","Karnataka","Chitradurga","891.0"
"72","2011","5","Karnataka","Chitradurga","363.0"
"72","2012","5","Karnataka","Chitradurga","575.6"
"72","2013","5","Karnataka","Chitradurga","583.8"
"72","2014","5","Karnataka","Chitradurga","856.3"
"72","2015","5","Karnataka","Chitradurga","690.2"
"73","1966","5","Karnataka","Bellary","622.3"
"73","1967","5","Karnataka","Bellary","494.7"
"73","1968","5","Karnataka","Bellary","668.7"
"73","1969","5","Karnataka","Bellary","662.1"
"73","1970","5","Karnataka","Bellary","624.9"
"73","1971","5","Karnataka","Bellary","473.8"
"73","1972","5","Karnataka","Bellary","414.5"
"73","1973","5","Karnataka","Bellary","742.1"
"73","1974","5","Karnataka","Bellary","709.1"
"73","1975","5","Karnataka","Bellary","909.0"
"73","1976","5","Karnataka","Bellary","334.2"
"73","1977","5","Karnataka","Bellary","656.0"
"73","1978","5","Karnataka","Bellary","682.9"
"73","1979","5","Karnataka","Bellary","549.4"
"73","1980","5","Karnataka","Bellary","485.0"
"73","1981","5","Karnataka","Bellary","768.2"
"73","1982","5","Karnataka","Bellary","581.2"
"73","1983","5","Karnataka","Bellary","616.7"
"73","1984","5","Karnataka","Bellary","478.6"
"73","1985","5","Karnataka","Bellary","369.1"
"73","1986","5","Karnataka","Bellary","578.8"
"73","1987","5","Karnataka","Bellary","655.7"
"73","1988","5","Karnataka","Bellary","617.8"
"73","1989","5","Karnataka","Bellary","471.6"
"73","1990","5","Karnataka","Bellary","644.0"
"73","1991","5","Karnataka","Bellary","637.0"
"73","1992","5","Karnataka","Bellary","613.0"
"73","1993","5","Karnataka","Bellary","704.0"
"73","1994","5","Karnataka","Bellary","437.5"
"73","1995","5","Karnataka","Bellary","415.0"
"73","1996","5","Karnataka","Bellary","661.0"
"73","1997","5","Karnataka","Bellary","362.0"
"73","1998","5","Karnataka","Bellary","612.0"
"73","1999","5","Karnataka","Bellary","500.0"
"73","2000","5","Karnataka","Bellary","543.0"
"73","2001","5","Karnataka","Bellary","552.0"
"73","2002","5","Karnataka","Bellary","398.0"
"73","2003","5","Karnataka","Bellary","-1.0"
"73","2004","5","Karnataka","Bellary","589.0"
"73","2005","5","Karnataka","Bellary","723.0"
"73","2006","5","Karnataka","Bellary","757.0"
"73","2007","5","Karnataka","Bellary","650.4"
"73","2008","5","Karnataka","Bellary","362.0"
"73","2009","5","Karnataka","Bellary","834.4"
"73","2010","5","Karnataka","Bellary","672.0"
"73","2011","5","Karnataka","Bellary","380.0"
"73","2012","5","Karnataka","Bellary","544.7"
"73","2013","5","Karnataka","Bellary","604.2"
"73","2014","5","Karnataka","Bellary","795.5"
"73","2015","5","Karnataka","Bellary","597.9"
"74","1966","5","Karnataka","Dharwad","931.4"
"74","1967","5","Karnataka","Dharwad","732.8"
"74","1968","5","Karnataka","Dharwad","744.4"
"74","1969","5","Karnataka","Dharwad","675.6"
"74","1970","5","Karnataka","Dharwad","694.7"
"74","1971","5","Karnataka","Dharwad","665.5"
"74","1972","5","Karnataka","Dharwad","696.4"
"74","1973","5","Karnataka","Dharwad","807.0"
"74","1974","5","Karnataka","Dharwad","953.3"
"74","1975","5","Karnataka","Dharwad","830.2"
"74","1976","5","Karnataka","Dharwad","613.0"
"74","1977","5","Karnataka","Dharwad","782.8"
"74","1978","5","Karnataka","Dharwad","807.0"
"74","1979","5","Karnataka","Dharwad","1215.9"
"74","1980","5","Karnataka","Dharwad","790.2"
"74","1981","5","Karnataka","Dharwad","735.9"
"74","1982","5","Karnataka","Dharwad","757.0"
"74","1983","5","Karnataka","Dharwad","738.0"
"74","1984","5","Karnataka","Dharwad","726.2"
"74","1985","5","Karnataka","Dharwad","610.7"
"74","1986","5","Karnataka","Dharwad","714.8"
"74","1987","5","Karnataka","Dharwad","687.5"
"74","1988","5","Karnataka","Dharwad","895.7"
"74","1989","5","Karnataka","Dharwad","578.7"
"74","1990","5","Karnataka","Dharwad","500.0"
"74","1991","5","Karnataka","Dharwad","901.6"
"74","1992","5","Karnataka","Dharwad","848.0"
"74","1993","5","Karnataka","Dharwad","802.3"
"74","1994","5","Karnataka","Dharwad","776.1"
"74","1995","5","Karnataka","Dharwad","537.0"
"74","1996","5","Karnataka","Dharwad","680.0"
"74","1997","5","Karnataka","Dharwad","712.0"
"74","1998","5","Karnataka","Dharwad","679.0"
"74","1999","5","Karnataka","Dharwad","664.0"
"74","2000","5","Karnataka","Dharwad","715.0"
"74","2001","5","Karnataka","Dharwad","414.0"
"74","2002","5","Karnataka","Dharwad","679.0"
"74","2003","5","Karnataka","Dharwad","-1.0"
"74","2004","5","Karnataka","Dharwad","636.0"
"74","2005","5","Karnataka","Dharwad","932.0"
"74","2006","5","Karnataka","Dharwad","713.0"
"74","2007","5","Karnataka","Dharwad","860.3"
"74","2008","5","Karnataka","Dharwad","534.0"
"74","2009","5","Karnataka","Dharwad","791.7"
"74","2010","5","Karnataka","Dharwad","873.0"
"74","2011","5","Karnataka","Dharwad","744.0"
"74","2012","5","Karnataka","Dharwad","474.1"
"74","2013","5","Karnataka","Dharwad","686.3"
"74","2014","5","Karnataka","Dharwad","909.6"
"74","2015","5","Karnataka","Dharwad","600.2"
"75","1966","5","Karnataka","Belgaum","1108.2"
"75","1967","5","Karnataka","Belgaum","792.7"
"75","1968","5","Karnataka","Belgaum","1065.7"
"75","1969","5","Karnataka","Belgaum","1085.6"
"75","1970","5","Karnataka","Belgaum","1083.9"
"75","1971","5","Karnataka","Belgaum","792.1"
"75","1972","5","Karnataka","Belgaum","890.4"
"75","1973","5","Karnataka","Belgaum","895.4"
"75","1974","5","Karnataka","Belgaum","973.2"
"75","1975","5","Karnataka","Belgaum","1177.6"
"75","1976","5","Karnataka","Belgaum","706.4"
"75","1977","5","Karnataka","Belgaum","1389.8"
"75","1978","5","Karnataka","Belgaum","1230.6"
"75","1979","5","Karnataka","Belgaum","1657.5"
"75","1980","5","Karnataka","Belgaum","1225.9"
"75","1981","5","Karnataka","Belgaum","1367.7"
"75","1982","5","Karnataka","Belgaum","1027.5"
"75","1983","5","Karnataka","Belgaum","1027.4"
"75","1984","5","Karnataka","Belgaum","870.7"
"75","1985","5","Karnataka","Belgaum","674.5"
"75","1986","5","Karnataka","Belgaum","843.3"
"75","1987","5","Karnataka","Belgaum","849.3"
"75","1988","5","Karnataka","Belgaum","1010.0"
"75","1989","5","Karnataka","Belgaum","913.7"
"75","1990","5","Karnataka","Belgaum","596.0"
"75","1991","5","Karnataka","Belgaum","989.0"
"75","1992","5","Karnataka","Belgaum","745.0"
"75","1993","5","Karnataka","Belgaum","907.0"
"75","1994","5","Karnataka","Belgaum","1004.8"
"75","1995","5","Karnataka","Belgaum","769.0"
"75","1996","5","Karnataka","Belgaum","998.0"
"75","1997","5","Karnataka","Belgaum","1073.0"
"75","1998","5","Karnataka","Belgaum","1001.0"
"75","1999","5","Karnataka","Belgaum","1103.0"
"75","2000","5","Karnataka","Belgaum","948.0"
"75","2001","5","Karnataka","Belgaum","749.0"
"75","2002","5","Karnataka","Belgaum","588.0"
"75","2003","5","Karnataka","Belgaum","-1.0"
"75","2004","5","Karnataka","Belgaum","742.0"
"75","2005","5","Karnataka","Belgaum","1031.0"
"75","2006","5","Karnataka","Belgaum","867.0"
"75","2007","5","Karnataka","Belgaum","944.9"
"75","2008","5","Karnataka","Belgaum","921.0"
"75","2009","5","Karnataka","Belgaum","1216.2"
"75","2010","5","Karnataka","Belgaum","1190.0"
"75","2011","5","Karnataka","Belgaum","1153.0"
"75","2012","5","Karnataka","Belgaum","561.0"
"75","2013","5","Karnataka","Belgaum","774.1"
"75","2014","5","Karnataka","Belgaum","976.8"
"75","2015","5","Karnataka","Belgaum","580.5"
"76","1966","5","Karnataka","Bijapur / Vijayapura","480.3"
"76","1967","5","Karnataka","Bijapur / Vijayapura","518.9"
"76","1968","5","Karnataka","Bijapur / Vijayapura","655.3"
"76","1969","5","Karnataka","Bijapur / Vijayapura","624.5"
"76","1970","5","Karnataka","Bijapur / Vijayapura","600.6"
"76","1971","5","Karnataka","Bijapur / Vijayapura","620.9"
"76","1972","5","Karnataka","Bijapur / Vijayapura","274.7"
"76","1973","5","Karnataka","Bijapur / Vijayapura","677.8"
"76","1974","5","Karnataka","Bijapur / Vijayapura","687.3"
"76","1975","5","Karnataka","Bijapur / Vijayapura","982.4"
"76","1976","5","Karnataka","Bijapur / Vijayapura","446.6"
"76","1977","5","Karnataka","Bijapur / Vijayapura","690.2"
"76","1978","5","Karnataka","Bijapur / Vijayapura","821.9"
"76","1979","5","Karnataka","Bijapur / Vijayapura","812.7"
"76","1980","5","Karnataka","Bijapur / Vijayapura","520.5"
"76","1981","5","Karnataka","Bijapur / Vijayapura","792.6"
"76","1982","5","Karnataka","Bijapur / Vijayapura","458.9"
"76","1983","5","Karnataka","Bijapur / Vijayapura","509.8"
"76","1984","5","Karnataka","Bijapur / Vijayapura","493.4"
"76","1985","5","Karnataka","Bijapur / Vijayapura","383.0"
"76","1986","5","Karnataka","Bijapur / Vijayapura","415.2"
"76","1987","5","Karnataka","Bijapur / Vijayapura","665.7"
"76","1988","5","Karnataka","Bijapur / Vijayapura","633.5"
"76","1989","5","Karnataka","Bijapur / Vijayapura","687.3"
"76","1990","5","Karnataka","Bijapur / Vijayapura","490.0"
"76","1991","5","Karnataka","Bijapur / Vijayapura","645.0"
"76","1992","5","Karnataka","Bijapur / Vijayapura","492.0"
"76","1993","5","Karnataka","Bijapur / Vijayapura","723.8"
"76","1994","5","Karnataka","Bijapur / Vijayapura","512.8"
"76","1995","5","Karnataka","Bijapur / Vijayapura","558.0"
"76","1996","5","Karnataka","Bijapur / Vijayapura","699.0"
"76","1997","5","Karnataka","Bijapur / Vijayapura","455.0"
"76","1998","5","Karnataka","Bijapur / Vijayapura","813.0"
"76","1999","5","Karnataka","Bijapur / Vijayapura","463.0"
"76","2000","5","Karnataka","Bijapur / Vijayapura","449.0"
"76","2001","5","Karnataka","Bijapur / Vijayapura","462.0"
"76","2002","5","Karnataka","Bijapur / Vijayapura","482.0"
"76","2003","5","Karnataka","Bijapur / Vijayapura","-1.0"
"76","2004","5","Karnataka","Bijapur / Vijayapura","435.9"
"76","2005","5","Karnataka","Bijapur / Vijayapura","616.0"
"76","2006","5","Karnataka","Bijapur / Vijayapura","591.0"
"76","2007","5","Karnataka","Bijapur / Vijayapura","626.0"
"76","2008","5","Karnataka","Bijapur / Vijayapura","360.0"
"76","2009","5","Karnataka","Bijapur / Vijayapura","917.1"
"76","2010","5","Karnataka","Bijapur / Vijayapura","588.0"
"76","2011","5","Karnataka","Bijapur / Vijayapura","356.0"
"76","2012","5","Karnataka","Bijapur / Vijayapura","427.9"
"76","2013","5","Karnataka","Bijapur / Vijayapura","612.7"
"76","2014","5","Karnataka","Bijapur / Vijayapura","596.3"
"76","2015","5","Karnataka","Bijapur / Vijayapura","456.1"
"77","1966","5","Karnataka","Bidar","782.9"
"77","1967","5","Karnataka","Bidar","931.4"
"77","1968","5","Karnataka","Bidar","820.1"
"77","1969","5","Karnataka","Bidar","812.7"
"77","1970","5","Karnataka","Bidar","1050.9"
"77","1971","5","Karnataka","Bidar","703.5"
"77","1972","5","Karnataka","Bidar","447.0"
"77","1973","5","Karnataka","Bidar","837.7"
"77","1974","5","Karnataka","Bidar","809.4"
"77","1975","5","Karnataka","Bidar","1121.2"
"77","1976","5","Karnataka","Bidar","722.2"
"77","1977","5","Karnataka","Bidar","605.4"
"77","1978","5","Karnataka","Bidar","979.3"
"77","1979","5","Karnataka","Bidar","839.9"
"77","1980","5","Karnataka","Bidar","639.4"
"77","1981","5","Karnataka","Bidar","852.5"
"77","1982","5","Karnataka","Bidar","678.6"
"77","1983","5","Karnataka","Bidar","1128.2"
"77","1984","5","Karnataka","Bidar","638.7"
"77","1985","5","Karnataka","Bidar","676.8"
"77","1986","5","Karnataka","Bidar","682.6"
"77","1987","5","Karnataka","Bidar","864.6"
"77","1988","5","Karnataka","Bidar","1154.6"
"77","1989","5","Karnataka","Bidar","996.0"
"77","1990","5","Karnataka","Bidar","1181.0"
"77","1991","5","Karnataka","Bidar","624.0"
"77","1992","5","Karnataka","Bidar","734.0"
"77","1993","5","Karnataka","Bidar","712.3"
"77","1994","5","Karnataka","Bidar","550.4"
"77","1995","5","Karnataka","Bidar","986.0"
"77","1996","5","Karnataka","Bidar","940.0"
"77","1997","5","Karnataka","Bidar","730.0"
"77","1998","5","Karnataka","Bidar","1043.0"
"77","1999","5","Karnataka","Bidar","811.0"
"77","2000","5","Karnataka","Bidar","814.0"
"77","2001","5","Karnataka","Bidar","787.0"
"77","2002","5","Karnataka","Bidar","754.0"
"77","2003","5","Karnataka","Bidar","-1.0"
"77","2004","5","Karnataka","Bidar","766.0"
"77","2005","5","Karnataka","Bidar","1003.0"
"77","2006","5","Karnataka","Bidar","775.0"
"77","2007","5","Karnataka","Bidar","798.1"
"77","2008","5","Karnataka","Bidar","760.0"
"77","2009","5","Karnataka","Bidar","615.4"
"77","2010","5","Karnataka","Bidar","1040.0"
"77","2011","5","Karnataka","Bidar","719.0"
"77","2012","5","Karnataka","Bidar","762.5"
"77","2013","5","Karnataka","Bidar","988.8"
"77","2014","5","Karnataka","Bidar","643.1"
"77","2015","5","Karnataka","Bidar","659.6"
"78","1966","5","Karnataka","Raichur","543.9"
"78","1967","5","Karnataka","Raichur","433.5"
"78","1968","5","Karnataka","Raichur","537.4"
"78","1969","5","Karnataka","Raichur","544.7"
"78","1970","5","Karnataka","Raichur","667.9"
"78","1971","5","Karnataka","Raichur","464.3"
"78","1972","5","Karnataka","Raichur","411.4"
"78","1973","5","Karnataka","Raichur","670.5"
"78","1974","5","Karnataka","Raichur","830.1"
"78","1975","5","Karnataka","Raichur","1374.8"
"78","1976","5","Karnataka","Raichur","497.8"
"78","1977","5","Karnataka","Raichur","708.0"
"78","1978","5","Karnataka","Raichur","889.2"
"78","1979","5","Karnataka","Raichur","695.2"
"78","1980","5","Karnataka","Raichur","502.3"
"78","1981","5","Karnataka","Raichur","836.1"
"78","1982","5","Karnataka","Raichur","770.2"
"78","1983","5","Karnataka","Raichur","797.4"
"78","1984","5","Karnataka","Raichur","516.0"
"78","1985","5","Karnataka","Raichur","560.7"
"78","1986","5","Karnataka","Raichur","625.0"
"78","1987","5","Karnataka","Raichur","839.7"
"78","1988","5","Karnataka","Raichur","707.1"
"78","1989","5","Karnataka","Raichur","517.1"
"78","1990","5","Karnataka","Raichur","643.0"
"78","1991","5","Karnataka","Raichur","623.0"
"78","1992","5","Karnataka","Raichur","669.0"
"78","1993","5","Karnataka","Raichur","766.2"
"78","1994","5","Karnataka","Raichur","478.9"
"78","1995","5","Karnataka","Raichur","581.0"
"78","1996","5","Karnataka","Raichur","733.0"
"78","1997","5","Karnataka","Raichur","391.0"
"78","1998","5","Karnataka","Raichur","837.0"
"78","1999","5","Karnataka","Raichur","493.0"
"78","2000","5","Karnataka","Raichur","635.0"
"78","2001","5","Karnataka","Raichur","610.0"
"78","2002","5","Karnataka","Raichur","580.0"
"78","2003","5","Karnataka","Raichur","-1.0"
"78","2004","5","Karnataka","Raichur","573.0"
"78","2005","5","Karnataka","Raichur","827.0"
"78","2006","5","Karnataka","Raichur","563.0"
"78","2007","5","Karnataka","Raichur","707.8"
"78","2008","5","Karnataka","Raichur","348.0"
"78","2009","5","Karnataka","Raichur","1178.6"
"78","2010","5","Karnataka","Raichur","653.0"
"78","2011","5","Karnataka","Raichur","358.0"
"78","2012","5","Karnataka","Raichur","411.9"
"78","2013","5","Karnataka","Raichur","757.1"
"78","2014","5","Karnataka","Raichur","651.5"
"78","2015","5","Karnataka","Raichur","568.2"
"79","1966","5","Karnataka","Gulbarga / Kalaburagi","682.7"
"79","1967","5","Karnataka","Gulbarga / Kalaburagi","710.2"
"79","1968","5","Karnataka","Gulbarga / Kalaburagi","688.2"
"79","1969","5","Karnataka","Gulbarga / Kalaburagi","710.9"
"79","1970","5","Karnataka","Gulbarga / Kalaburagi","804.3"
"79","1971","5","Karnataka","Gulbarga / Kalaburagi","489.9"
"79","1972","5","Karnataka","Gulbarga / Kalaburagi","323.8"
"79","1973","5","Karnataka","Gulbarga / Kalaburagi","856.4"
"79","1974","5","Karnataka","Gulbarga / Kalaburagi","776.8"
"79","1975","5","Karnataka","Gulbarga / Kalaburagi","1273.7"
"79","1976","5","Karnataka","Gulbarga / Kalaburagi","640.7"
"79","1977","5","Karnataka","Gulbarga / Kalaburagi","930.9"
"79","1978","5","Karnataka","Gulbarga / Kalaburagi","857.7"
"79","1979","5","Karnataka","Gulbarga / Kalaburagi","842.1"
"79","1980","5","Karnataka","Gulbarga / Kalaburagi","512.2"
"79","1981","5","Karnataka","Gulbarga / Kalaburagi","883.8"
"79","1982","5","Karnataka","Gulbarga / Kalaburagi","638.7"
"79","1983","5","Karnataka","Gulbarga / Kalaburagi","929.8"
"79","1984","5","Karnataka","Gulbarga / Kalaburagi","642.6"
"79","1985","5","Karnataka","Gulbarga / Kalaburagi","552.8"
"79","1986","5","Karnataka","Gulbarga / Kalaburagi","564.3"
"79","1987","5","Karnataka","Gulbarga / Kalaburagi","779.7"
"79","1988","5","Karnataka","Gulbarga / Kalaburagi","902.1"
"79","1989","5","Karnataka","Gulbarga / Kalaburagi","745.3"
"79","1990","5","Karnataka","Gulbarga / Kalaburagi","982.0"
"79","1991","5","Karnataka","Gulbarga / Kalaburagi","636.3"
"79","1992","5","Karnataka","Gulbarga / Kalaburagi","660.0"
"79","1993","5","Karnataka","Gulbarga / Kalaburagi","641.9"
"79","1994","5","Karnataka","Gulbarga / Kalaburagi","554.1"
"79","1995","5","Karnataka","Gulbarga / Kalaburagi","756.0"
"79","1996","5","Karnataka","Gulbarga / Kalaburagi","808.0"
"79","1997","5","Karnataka","Gulbarga / Kalaburagi","533.0"
"79","1998","5","Karnataka","Gulbarga / Kalaburagi","952.0"
"79","1999","5","Karnataka","Gulbarga / Kalaburagi","548.0"
"79","2000","5","Karnataka","Gulbarga / Kalaburagi","740.0"
"79","2001","5","Karnataka","Gulbarga / Kalaburagi","615.0"
"79","2002","5","Karnataka","Gulbarga / Kalaburagi","532.0"
"79","2003","5","Karnataka","Gulbarga / Kalaburagi","-1.0"
"79","2004","5","Karnataka","Gulbarga / Kalaburagi","626.0"
"79","2005","5","Karnataka","Gulbarga / Kalaburagi","877.0"
"79","2006","5","Karnataka","Gulbarga / Kalaburagi","593.0"
"79","2007","5","Karnataka","Gulbarga / Kalaburagi","764.2"
"79","2008","5","Karnataka","Gulbarga / Kalaburagi","535.0"
"79","2009","5","Karnataka","Gulbarga / Kalaburagi","861.6"
"79","2010","5","Karnataka","Gulbarga / Kalaburagi","881.0"
"79","2011","5","Karnataka","Gulbarga / Kalaburagi","593.0"
"79","2012","5","Karnataka","Gulbarga / Kalaburagi","667.7"
"79","2013","5","Karnataka","Gulbarga / Kalaburagi","838.9"
"79","2014","5","Karnataka","Gulbarga / Kalaburagi","735.6"
"79","2015","5","Karnataka","Gulbarga / Kalaburagi","595.3"
"80","1966","5","Karnataka","Dakshina Kannada","3231.1"
"80","1967","5","Karnataka","Dakshina Kannada","3830.2"
"80","1968","5","Karnataka","Dakshina Kannada","4472.7"
"80","1969","5","Karnataka","Dakshina Kannada","4070.1"
"80","1970","5","Karnataka","Dakshina Kannada","4876.2"
"80","1971","5","Karnataka","Dakshina Kannada","4356.9"
"80","1972","5","Karnataka","Dakshina Kannada","3697.9"
"80","1973","5","Karnataka","Dakshina Kannada","3789.0"
"80","1974","5","Karnataka","Dakshina Kannada","4186.1"
"80","1975","5","Karnataka","Dakshina Kannada","5289.0"
"80","1976","5","Karnataka","Dakshina Kannada","3508.1"
"80","1977","5","Karnataka","Dakshina Kannada","4330.5"
"80","1978","5","Karnataka","Dakshina Kannada","5023.3"
"80","1979","5","Karnataka","Dakshina Kannada","3317.4"
"80","1980","5","Karnataka","Dakshina Kannada","4655.7"
"80","1981","5","Karnataka","Dakshina Kannada","4288.2"
"80","1982","5","Karnataka","Dakshina Kannada","4178.3"
"80","1983","5","Karnataka","Dakshina Kannada","4036.8"
"80","1984","5","Karnataka","Dakshina Kannada","3659.7"
"80","1985","5","Karnataka","Dakshina Kannada","3420.7"
"80","1986","5","Karnataka","Dakshina Kannada","3463.5"
"80","1987","5","Karnataka","Dakshina Kannada","2828.1"
"80","1988","5","Karnataka","Dakshina Kannada","3603.4"
"80","1989","5","Karnataka","Dakshina Kannada","3959.3"
"80","1990","5","Karnataka","Dakshina Kannada","4296.0"
"80","1991","5","Karnataka","Dakshina Kannada","4022.0"
"80","1992","5","Karnataka","Dakshina Kannada","4233.0"
"80","1993","5","Karnataka","Dakshina Kannada","3711.5"
"80","1994","5","Karnataka","Dakshina Kannada","5051.0"
"80","1995","5","Karnataka","Dakshina Kannada","4263.0"
"80","1996","5","Karnataka","Dakshina Kannada","3966.0"
"80","1997","5","Karnataka","Dakshina Kannada","4944.0"
"80","1998","5","Karnataka","Dakshina Kannada","4620.0"
"80","1999","5","Karnataka","Dakshina Kannada","4259.0"
"80","2000","5","Karnataka","Dakshina Kannada","3540.0"
"80","2001","5","Karnataka","Dakshina Kannada","3889.0"
"80","2002","5","Karnataka","Dakshina Kannada","3132.0"
"80","2003","5","Karnataka","Dakshina Kannada","-1.0"
"80","2004","5","Karnataka","Dakshina Kannada","3403.0"
"80","2005","5","Karnataka","Dakshina Kannada","3830.0"
"80","2006","5","Karnataka","Dakshina Kannada","4034.0"
"80","2007","5","Karnataka","Dakshina Kannada","4076.0"
"80","2008","5","Karnataka","Dakshina Kannada","3190.0"
"80","2009","5","Karnataka","Dakshina Kannada","3815.9"
"80","2010","5","Karnataka","Dakshina Kannada","4471.0"
"80","2011","5","Karnataka","Dakshina Kannada","4293.0"
"80","2012","5","Karnataka","Dakshina Kannada","3374.8"
"80","2013","5","Karnataka","Dakshina Kannada","4284.6"
"80","2014","5","Karnataka","Dakshina Kannada","3704.1"
"80","2015","5","Karnataka","Dakshina Kannada","3289.3"
"81","1966","5","Karnataka","Uttara Kannada","2842.1"
"81","1967","5","Karnataka","Uttara Kannada","2647.8"
"81","1968","5","Karnataka","Uttara Kannada","2649.2"
"81","1969","5","Karnataka","Uttara Kannada","2786.6"
"81","1970","5","Karnataka","Uttara Kannada","3298.3"
"81","1971","5","Karnataka","Uttara Kannada","2362.7"
"81","1972","5","Karnataka","Uttara Kannada","2246.9"
"81","1973","5","Karnataka","Uttara Kannada","2575.2"
"81","1974","5","Karnataka","Uttara Kannada","2816.9"
"81","1975","5","Karnataka","Uttara Kannada","3572.3"
"81","1976","5","Karnataka","Uttara Kannada","2476.7"
"81","1977","5","Karnataka","Uttara Kannada","2923.1"
"81","1978","5","Karnataka","Uttara Kannada","3193.8"
"81","1979","5","Karnataka","Uttara Kannada","2466.2"
"81","1980","5","Karnataka","Uttara Kannada","3134.2"
"81","1981","5","Karnataka","Uttara Kannada","3198.2"
"81","1982","5","Karnataka","Uttara Kannada","3774.7"
"81","1983","5","Karnataka","Uttara Kannada","3552.4"
"81","1984","5","Karnataka","Uttara Kannada","2957.0"
"81","1985","5","Karnataka","Uttara Kannada","2583.0"
"81","1986","5","Karnataka","Uttara Kannada","2316.8"
"81","1987","5","Karnataka","Uttara Kannada","2339.6"
"81","1988","5","Karnataka","Uttara Kannada","3126.1"
"81","1989","5","Karnataka","Uttara Kannada","2587.9"
"81","1990","5","Karnataka","Uttara Kannada","3277.0"
"81","1991","5","Karnataka","Uttara Kannada","2765.0"
"81","1992","5","Karnataka","Uttara Kannada","2869.0"
"81","1993","5","Karnataka","Uttara Kannada","2545.1"
"81","1994","5","Karnataka","Uttara Kannada","3093.7"
"81","1995","5","Karnataka","Uttara Kannada","2485.0"
"81","1996","5","Karnataka","Uttara Kannada","2516.0"
"81","1997","5","Karnataka","Uttara Kannada","3195.0"
"81","1998","5","Karnataka","Uttara Kannada","2629.0"
"81","1999","5","Karnataka","Uttara Kannada","3117.0"
"81","2000","5","Karnataka","Uttara Kannada","2812.0"
"81","2001","5","Karnataka","Uttara Kannada","2112.0"
"81","2002","5","Karnataka","Uttara Kannada","2301.0"
"81","2003","5","Karnataka","Uttara Kannada","-1.0"
"81","2004","5","Karnataka","Uttara Kannada","2536.0"
"81","2005","5","Karnataka","Uttara Kannada","3057.0"
"81","2006","5","Karnataka","Uttara Kannada","3240.0"
"81","2007","5","Karnataka","Uttara Kannada","3491.5"
"81","2008","5","Karnataka","Uttara Kannada","2574.0"
"81","2009","5","Karnataka","Uttara Kannada","3103.7"
"81","2010","5","Karnataka","Uttara Kannada","2879.0"
"81","2011","5","Karnataka","Uttara Kannada","3237.0"
"81","2012","5","Karnataka","Uttara Kannada","3034.9"
"81","2013","5","Karnataka","Uttara Kannada","3649.2"
"81","2014","5","Karnataka","Uttara Kannada","3289.8"
"81","2015","5","Karnataka","Uttara Kannada","2135.7"
"82","1966","5","Karnataka","Kodagu / Coorg","2229.2"
"82","1967","5","Karnataka","Kodagu / Coorg","2822.4"
"82","1968","5","Karnataka","Kodagu / Coorg","2386.8"
"82","1969","5","Karnataka","Kodagu / Coorg","2678.2"
"82","1970","5","Karnataka","Kodagu / Coorg","2930.3"
"82","1971","5","Karnataka","Kodagu / Coorg","2628.3"
"82","1972","5","Karnataka","Kodagu / Coorg","2360.9"
"82","1973","5","Karnataka","Kodagu / Coorg","2734.5"
"82","1974","5","Karnataka","Kodagu / Coorg","2737.4"
"82","1975","5","Karnataka","Kodagu / Coorg","3285.3"
"82","1976","5","Karnataka","Kodagu / Coorg","2001.3"
"82","1977","5","Karnataka","Kodagu / Coorg","3239.7"
"82","1978","5","Karnataka","Kodagu / Coorg","3022.8"
"82","1979","5","Karnataka","Kodagu / Coorg","2742.4"
"82","1980","5","Karnataka","Kodagu / Coorg","3031.0"
"82","1981","5","Karnataka","Kodagu / Coorg","2976.5"
"82","1982","5","Karnataka","Kodagu / Coorg","2072.5"
"82","1983","5","Karnataka","Kodagu / Coorg","2435.6"
"82","1984","5","Karnataka","Kodagu / Coorg","2906.9"
"82","1985","5","Karnataka","Kodagu / Coorg","2158.4"
"82","1986","5","Karnataka","Kodagu / Coorg","2382.0"
"82","1987","5","Karnataka","Kodagu / Coorg","1728.7"
"82","1988","5","Karnataka","Kodagu / Coorg","2232.6"
"82","1989","5","Karnataka","Kodagu / Coorg","2576.6"
"82","1990","5","Karnataka","Kodagu / Coorg","2367.0"
"82","1991","5","Karnataka","Kodagu / Coorg","2628.0"
"82","1992","5","Karnataka","Kodagu / Coorg","2942.0"
"82","1993","5","Karnataka","Kodagu / Coorg","2262.7"
"82","1994","5","Karnataka","Kodagu / Coorg","3269.3"
"82","1995","5","Karnataka","Kodagu / Coorg","2686.0"
"82","1996","5","Karnataka","Kodagu / Coorg","2997.0"
"82","1997","5","Karnataka","Kodagu / Coorg","3358.0"
"82","1998","5","Karnataka","Kodagu / Coorg","2826.0"
"82","1999","5","Karnataka","Kodagu / Coorg","2939.0"
"82","2000","5","Karnataka","Kodagu / Coorg","2835.0"
"82","2001","5","Karnataka","Kodagu / Coorg","2557.0"
"82","2002","5","Karnataka","Kodagu / Coorg","2118.0"
"82","2003","5","Karnataka","Kodagu / Coorg","1928.0"
"82","2004","5","Karnataka","Kodagu / Coorg","2787.0"
"82","2005","5","Karnataka","Kodagu / Coorg","3327.0"
"82","2006","5","Karnataka","Kodagu / Coorg","2932.0"
"82","2007","5","Karnataka","Kodagu / Coorg","3760.1"
"82","2008","5","Karnataka","Kodagu / Coorg","2116.0"
"82","2009","5","Karnataka","Kodagu / Coorg","2500.9"
"82","2010","5","Karnataka","Kodagu / Coorg","2647.0"
"82","2011","5","Karnataka","Kodagu / Coorg","3077.0"
"82","2012","5","Karnataka","Kodagu / Coorg","1807.7"
"82","2013","5","Karnataka","Kodagu / Coorg","3031.3"
"82","2014","5","Karnataka","Kodagu / Coorg","2630.0"
"82","2015","5","Karnataka","Kodagu / Coorg","2486.6"