"Dist Code","Year","State Code","State Name","Dist Name","CANALS AREA (1000 ha)","TANKS AREA (1000 ha)","TUBE WELLS AREA (1000 ha)","OTHER WELLS AREA (1000 ha)","TOTAL WELLS AREA (1000 ha)","OTHER SOURCES AREA (1000 ha)","NET AREA (1000 ha)","GROSS AREA (1000 ha)"
"64","1966","5","Karnataka","Bangalore","4.1","26.3","0.0","12.14","12.14","2.9","45.4","52.2"
"64","1967","5","Karnataka","Bangalore","5.0","29.4","0.0","12.45","12.45","2.5","49.3","49.4"
"64","1968","5","Karnataka","Bangalore","5.1","29.8","0.0","34.77","34.77","3.2","72.8","77.0"
"64","1969","5","Karnataka","Bangalore","2.8","34.6","0.0","24.82","24.82","2.8","65.0","67.9"
"64","1970","5","Karnataka","Bangalore","3.8","38.4","1.09","45.54","46.63","1.5","91.2","103.6"
"64","1971","5","Karnataka","Bangalore","3.8","38.4","1.09","37.57","38.66","2.0","82.8","91.4"
"64","1972","5","Karnataka","Bangalore","3.3","30.0","0.76","18.35","19.11","1.7","54.1","59.2"
"64","1973","5","Karnataka","Bangalore","2.9","31.4","0.6","19.23","19.83","1.7","55.8","63.4"
"64","1974","5","Karnataka","Bangalore","4.2","34.0","0.55","21.13","21.68","1.4","62.9","62.9"
"64","1975","5","Karnataka","Bangalore","3.8","37.5","0.0","25.68","25.68","2.3","69.3","82.6"
"64","1976","5","Karnataka","Bangalore","1.0","27.3","0.0","27.53","27.53","1.3","57.2","66.0"
"64","1977","5","Karnataka","Bangalore","4.2","37.3","0.0","29.32","29.32","2.5","73.3","97.2"
"64","1978","5","Karnataka","Bangalore","4.9","38.2","0.0","31.51","31.51","3.0","77.5","95.9"
"64","1979","5","Karnataka","Bangalore","5.0","37.0","0.0","32.99","32.99","2.0","77.0","94.0"
"64","1980","5","Karnataka","Bangalore","5.0","36.9","0.0","34.88","34.88","2.7","79.0","80.0"
"64","1981","5","Karnataka","Bangalore","4.6","34.1","0.0","35.36","35.36","2.6","77.0","97.0"
"64","1982","5","Karnataka","Bangalore","3.7","30.5","4.17","29.41","33.58","1.8","70.2","86.0"
"64","1983","5","Karnataka","Bangalore","5.2","34.9","0.0","32.8","32.8","2.2","75.1","102.2"
"64","1984","5","Karnataka","Bangalore","3.7","26.5","0.0","37.07","37.07","2.0","69.3","80.9"
"64","1985","5","Karnataka","Bangalore","1.9","22.5","6.35","27.07","33.42","1.1","59.0","67.9"
"64","1986","5","Karnataka","Bangalore","2.02","28.18","8.75","29.76","38.51","0.74","69.5","84.7"
"64","1987","5","Karnataka","Bangalore","1.54","26.64","9.04","27.86","36.9","1.02","66.1","84.3"
"64","1988","5","Karnataka","Bangalore","1.74","31.02","12.01","32.59","44.6","0.83","78.8","96.0"
"64","1989","5","Karnataka","Bangalore","1.74","29.85","11.92","33.36","45.28","0.83","77.1","87.1"
"64","1990","5","Karnataka","Bangalore","1.5","19.46","17.37","26.96","44.33","0.54","65.84","76.42"
"64","1991","5","Karnataka","Bangalore","2.37","29.48","20.89","25.86","46.75","0.88","79.48","105.64"
"64","1992","5","Karnataka","Bangalore","2.74","23.74","29.02","14.38","43.4","0.54","70.42","87.8"
"64","1993","5","Karnataka","Bangalore","2.79","23.03","38.42","15.77","54.19","1.35","81.35","103.32"
"64","1994","5","Karnataka","Bangalore","2.4","14.22","44.97","8.26","53.23","0.42","70.27","84.6"
"64","1995","5","Karnataka","Bangalore","4.85","14.68","41.76","9.18","50.94","0.0","70.48","84.15"
"64","1996","5","Karnataka","Bangalore","4.11","14.31","33.64","14.53","48.17","0.79","67.38","86.75"
"64","1997","5","Karnataka","Bangalore","6.22","15.5","34.07","13.73","47.8","0.13","70.15","82.62"
"64","1998","5","Karnataka","Bangalore","6.23","16.69","38.59","15.78","54.36","0.65","77.93","96.4"
"64","1999","5","Karnataka","Bangalore","6.15","18.37","35.13","13.91","49.04","0.63","74.18","102.23"
"64","2000","5","Karnataka","Bangalore","7.2","19.8","37.9","13.7","51.6","0.8","79.4","100.7"
"64","2001","5","Karnataka","Bangalore","8.43","18.63","32.97","13.55","46.52","0.11","74.41","90.22"
"64","2002","5","Karnataka","Bangalore","5.42","16.2","35.45","14.42","49.87","1.0","72.63","87.92"
"64","2003","5","Karnataka","Bangalore","6.59","17.84","43.87","14.64","58.51","0.9","83.84","100.48"
"64","2004","5","Karnataka","Bangalore","6.68","15.6","45.01","16.1","61.12","1.34","84.73","90.91"
"64","2005","5","Karnataka","Bangalore","6.09","6.01","70.86","4.34","75.2","1.48","88.77","95.58"
"64","2006","5","Karnataka","Bangalore","2.77","1.35","69.96","0.35","70.31","0.24","74.67","81.62"
"64","2007","5","Karnataka","Bangalore","3.35","0.63","73.81","0.29","74.1","0.0","78.32","84.58"
"64","2008","5","Karnataka","Bangalore","2.12","0.51","71.69","0.06","71.75","2.31","76.81","83.75"
"64","2009","5","Karnataka","Bangalore","2.35","3.19","73.44","0.0","73.44","0.14","79.43","86.82"
"64","2010","5","Karnataka","Bangalore","2.37","3.81","73.21","0.0","73.21","0.28","79.68","87.22"
"64","2011","5","Karnataka","Bangalore","2.18","0.64","75.59","0.0","75.59","0.24","78.66","85.83"
"64","2012","5","Karnataka","Bangalore","2.22","0.35","68.85","0.0","68.85","0.24","71.67","78.12"
"64","2013","5","Karnataka","Bangalore","7.3","1.35","59.66","0.0","59.66","0.24","68.57","76.11"
"64","2014","5","Karnataka","Bangalore","8.13","1.89","60.46","0.0","60.46","0.49","70.96","78.95"
"64","2015","5","Karnataka","Bangalore","27.0","0.16","107.37","0.0","107.37","0.04","134.57","223.98"
"64","2016","5","Karnataka","Bangalore","0.19","0.42","57.35","0.0","57.35","0.08","58.04","68.07"
"64","2017","5","Karnataka","Bangalore","7.4","0.36","54.16","0.0","54.16","0.11","62.02","69.63"
"65","1966","5","Karnataka","Kolar","0.2","22.5","0.0","15.96","15.96","0.8","39.5","44.2"
"65","1967","5","Karnataka","Kolar","0.2","23.8","0.0","14.87","14.87","0.8","39.7","56.2"
"65","1968","5","Karnataka","Kolar","0.2","31.2","0.0","46.97","46.97","0.8","79.2","88.7"
"65","1969","5","Karnataka","Kolar","1.0","34.4","0.0","30.63","30.63","0.3","66.3","78.5"
"65","1970","5","Karnataka","Kolar","0.0","36.3","0.0","32.92","32.92","1.3","70.9","118.1"
"65","1971","5","Karnataka","Kolar","0.0","36.3","0.0","50.57","50.57","1.3","88.1","108.1"
"65","1972","5","Karnataka","Kolar","0.0","31.0","0.0","32.75","32.75","0.3","64.1","82.7"
"65","1973","5","Karnataka","Kolar","0.0","32.3","0.0","35.89","35.89","0.2","68.5","89.3"
"65","1974","5","Karnataka","Kolar","0.0","41.5","0.0","35.73","35.73","0.3","77.5","91.5"
"65","1975","5","Karnataka","Kolar","0.0","34.9","0.0","35.65","35.65","0.3","70.8","96.7"
"65","1976","5","Karnataka","Kolar","0.0","25.9","0.0","35.14","35.14","0.2","61.3","81.8"
"65","1977","5","Karnataka","Kolar","0.0","32.8","0.0","37.19","37.19","0.2","70.1","98.0"
"65","1978","5","Karnataka","Kolar","0.0","36.1","0.0","36.91","36.91","0.1","73.1","106.2"
"65","1979","5","Karnataka","Kolar","0.0","32.0","0.0","41.73","41.73","0.0","73.0","80.0"
"65","1980","5","Karnataka","Kolar","0.0","31.6","0.0","40.45","40.45","0.1","72.0","95.0"
"65","1981","5","Karnataka","Kolar","0.0","29.0","0.0","45.57","45.57","0.1","75.0","82.0"
"65","1982","5","Karnataka","Kolar","0.0","33.6","4.25","47.79","52.04","0.0","85.7","102.7"
"65","1983","5","Karnataka","Kolar","0.0","33.3","0.0","47.19","47.19","0.0","80.5","83.9"
"65","1984","5","Karnataka","Kolar","0.0","24.6","0.0","49.67","49.67","0.0","74.3","77.2"
"65","1985","5","Karnataka","Kolar","0.0","21.2","7.95","48.12","56.07","0.5","77.7","88.4"
"65","1986","5","Karnataka","Kolar","0.0","23.8","23.06","37.1","60.16","0.1","84.0","101.2"
"65","1987","5","Karnataka","Kolar","0.0","20.1","24.67","38.51","63.18","0.0","83.3","106.1"
"65","1988","5","Karnataka","Kolar","0.0","29.9","32.06","36.22","68.28","0.0","98.2","127.4"
"65","1989","5","Karnataka","Kolar","0.0","25.6","33.48","33.93","67.41","0.0","93.0","116.0"
"65","1990","5","Karnataka","Kolar","0.0","21.05","34.28","33.77","68.05","0.0","89.11","108.28"
"65","1991","5","Karnataka","Kolar","0.0","35.2","38.43","32.21","70.64","0.0","105.85","142.4"
"65","1992","5","Karnataka","Kolar","0.0","17.08","31.54","23.41","54.95","0.0","72.03","94.32"
"65","1993","5","Karnataka","Kolar","0.0","21.5","32.15","24.34","56.49","0.0","77.99","112.73"
"65","1994","5","Karnataka","Kolar","0.0","9.57","37.59","22.86","60.45","0.0","70.02","90.57"
"65","1995","5","Karnataka","Kolar","0.0","10.53","47.31","22.48","69.78","0.0","80.31","95.51"
"65","1996","5","Karnataka","Kolar","0.0","15.4","29.59","34.24","63.83","0.0","79.23","110.86"
"65","1997","5","Karnataka","Kolar","0.0","15.23","32.1","29.52","61.62","0.0","76.85","97.65"
"65","1998","5","Karnataka","Kolar","0.0","15.05","42.62","24.22","66.83","0.0","81.89","111.57"
"65","1999","5","Karnataka","Kolar","0.0","6.91","39.27","17.2","56.47","0.0","63.38","83.11"
"65","2000","5","Karnataka","Kolar","0.0","12.0","50.6","17.5","68.1","0.0","80.1","111.1"
"65","2001","5","Karnataka","Kolar","0.0","17.35","58.19","16.63","74.82","0.0","92.17","113.64"
"65","2002","5","Karnataka","Kolar","0.0","0.41","66.8","7.89","74.69","0.0","75.1","81.39"
"65","2003","5","Karnataka","Kolar","0.0","0.37","69.12","2.66","71.77","0.0","72.14","80.02"
"65","2004","5","Karnataka","Kolar","0.0","0.0","78.88","0.48","79.36","0.0","79.36","91.81"
"65","2005","5","Karnataka","Kolar","0.0","6.39","73.73","0.0","73.73","0.0","80.12","91.27"
"65","2006","5","Karnataka","Kolar","0.0","0.0","71.88","0.0","71.88","0.0","71.88","79.94"
"65","2007","5","Karnataka","Kolar","0.0","0.0","74.76","0.0","74.76","0.0","74.76","84.66"
"65","2008","5","Karnataka","Kolar","0.0","0.0","76.26","0.0","76.26","0.0","76.26","89.38"
"65","2009","5","Karnataka","Kolar","0.0","0.0","68.46","0.0","68.46","0.0","68.46","81.89"
"65","2010","5","Karnataka","Kolar","0.0","0.0","78.2","0.0","78.2","0.0","78.2","109.11"
"65","2011","5","Karnataka","Kolar","0.0","0.0","80.25","0.0","80.25","0.0","80.25","97.86"
"65","2012","5","Karnataka","Kolar","0.0","0.0","78.43","0.0","78.43","0.0","78.43","94.9"
"65","2013","5","Karnataka","Kolar","0.0","0.0","67.06","0.0","67.06","0.0","67.06","81.87"
"65","2014","5","Karnataka","Kolar","0.0","0.0","65.65","0.0","65.65","0.0","65.65","80.93"
"65","2015","5","Karnataka","Kolar","7.9","1.69","44.01","0.0","44.01","0.43","54.02","60.56"
"65","2016","5","Karnataka","Kolar","0.0","0.0","69.89","0.0","69.89","0.0","69.89","89.98"
"65","2017","5","Karnataka","Kolar","0.0","0.0","63.87","0.0","63.87","0.0","63.87","82.29"
"66","1966","5","Karnataka","Tumkur","0.4","31.7","0.0","17.92","17.92","1.1","51.1","75.9"
"66","1967","5","Karnataka","Tumkur","0.4","33.9","0.0","19.71","19.71","2.6","56.6","64.4"
"66","1968","5","Karnataka","Tumkur","1.2","38.1","0.0","36.67","36.67","1.9","77.8","90.7"
"66","1969","5","Karnataka","Tumkur","1.0","38.8","0.0","31.32","31.32","6.5","77.7","77.7"
"66","1970","5","Karnataka","Tumkur","0.7","51.8","0.0","24.45","24.45","0.3","77.9","90.1"
"66","1971","5","Karnataka","Tumkur","0.7","35.7","0.0","43.97","43.97","0.3","80.6","88.8"
"66","1972","5","Karnataka","Tumkur","0.7","36.3","0.0","29.34","29.34","0.3","66.6","77.6"
"66","1973","5","Karnataka","Tumkur","0.8","37.2","0.0","31.16","31.16","0.5","69.6","94.7"
"66","1974","5","Karnataka","Tumkur","1.4","37.2","0.0","31.36","31.36","0.5","69.6","96.0"
"66","1975","5","Karnataka","Tumkur","1.0","52.7","0.0","30.52","30.52","1.3","85.5","108.0"
"66","1976","5","Karnataka","Tumkur","1.0","10.7","0.0","30.49","30.49","0.5","42.7","48.0"
"66","1977","5","Karnataka","Tumkur","1.0","41.0","0.0","27.04","27.04","0.9","69.9","81.5"
"66","1978","5","Karnataka","Tumkur","0.3","29.6","0.0","25.16","25.16","0.7","55.8","70.1"
"66","1979","5","Karnataka","Tumkur","0.0","32.0","0.0","23.42","23.42","0.0","56.0","73.0"
"66","1980","5","Karnataka","Tumkur","0.3","31.7","0.0","27.02","27.02","0.2","59.0","72.0"
"66","1981","5","Karnataka","Tumkur","0.3","34.9","0.0","25.9","25.9","0.7","62.0","82.0"
"66","1982","5","Karnataka","Tumkur","0.3","43.6","0.72","30.66","31.38","0.1","76.3","89.2"
"66","1983","5","Karnataka","Tumkur","0.3","33.7","0.15","33.69","33.84","0.4","68.2","77.6"
"66","1984","5","Karnataka","Tumkur","0.3","32.6","0.0","28.32","28.32","0.3","61.6","70.1"
"66","1985","5","Karnataka","Tumkur","0.3","34.8","1.17","30.92","32.09","0.2","67.5","76.7"
"66","1986","5","Karnataka","Tumkur","0.3","36.7","1.92","31.1","33.02","0.3","70.3","88.2"
"66","1987","5","Karnataka","Tumkur","0.3","42.5","3.39","31.24","34.63","0.3","77.7","99.8"
"66","1988","5","Karnataka","Tumkur","0.3","57.1","5.73","33.19","38.92","0.0","96.6","131.9"
"66","1989","5","Karnataka","Tumkur","0.3","35.5","8.73","34.57","43.3","0.0","79.3","100.1"
"66","1990","5","Karnataka","Tumkur","0.2","25.2","10.64","29.79","40.43","0.2","66.0","83.3"
"66","1991","5","Karnataka","Tumkur","0.2","33.3","14.5","31.85","46.35","0.2","80.1","115.4"
"66","1992","5","Karnataka","Tumkur","0.3","33.0","21.98","31.18","53.16","0.2","86.6","114.6"
"66","1993","5","Karnataka","Tumkur","0.3","30.5","26.65","24.59","51.24","0.2","82.2","109.4"
"66","1994","5","Karnataka","Tumkur","0.3","18.8","33.85","19.59","53.44","0.2","72.8","92.3"
"66","1995","5","Karnataka","Tumkur","0.27","17.39","41.46","15.37","56.82","0.08","74.57","90.35"
"66","1996","5","Karnataka","Tumkur","0.27","29.19","49.95","17.97","67.93","0.12","97.5","122.92"
"66","1997","5","Karnataka","Tumkur","0.27","26.71","55.85","16.94","72.79","0.03","99.96","119.13"
"66","1998","5","Karnataka","Tumkur","4.38","29.81","58.42","19.47","77.89","0.15","112.24","137.61"
"66","1999","5","Karnataka","Tumkur","4.37","31.15","62.27","15.49","77.76","0.12","113.41","138.2"
"66","2000","5","Karnataka","Tumkur","5.7","44.4","72.5","17.2","89.7","0.1","139.9","169.4"
"66","2001","5","Karnataka","Tumkur","4.95","43.39","77.59","16.52","94.11","0.0","142.45","169.13"
"66","2002","5","Karnataka","Tumkur","0.12","18.82","93.41","14.2","107.61","0.01","126.56","138.17"
"66","2003","5","Karnataka","Tumkur","0.0","7.5","105.8","4.58","110.38","0.0","117.88","126.47"
"66","2004","5","Karnataka","Tumkur","2.47","10.27","117.25","2.68","119.93","0.0","132.67","144.99"
"66","2005","5","Karnataka","Tumkur","4.63","23.65","126.56","2.03","128.59","0.01","156.88","173.62"
"66","2006","5","Karnataka","Tumkur","3.39","25.91","118.1","1.76","119.86","0.0","149.16","161.5"
"66","2007","5","Karnataka","Tumkur","1.66","24.71","120.79","0.97","121.76","0.04","148.17","166.26"
"66","2008","5","Karnataka","Tumkur","2.65","25.58","132.12","1.06","133.18","0.0","161.4","185.17"
"66","2009","5","Karnataka","Tumkur","3.01","19.02","145.06","1.48","146.54","0.0","168.57","193.55"
"66","2010","5","Karnataka","Tumkur","4.2","17.98","140.34","1.21","141.55","0.0","163.73","189.49"
"66","2011","5","Karnataka","Tumkur","4.2","11.99","143.61","0.0","143.61","0.0","159.8","183.14"
"66","2012","5","Karnataka","Tumkur","4.2","10.54","138.49","1.04","139.53","0.0","154.26","176.59"
"66","2013","5","Karnataka","Tumkur","4.2","9.92","132.94","0.97","133.9","0.0","148.02","168.87"
"66","2014","5","Karnataka","Tumkur","4.2","9.87","131.06","0.94","132.0","0.0","146.07","163.91"
"66","2015","5","Karnataka","Tumkur","4.1","9.0","144.71","0.9","145.61","0.0","158.71","177.22"
"66","2016","5","Karnataka","Tumkur","4.1","5.38","146.07","0.75","146.83","0.0","156.3","173.51"
"66","2017","5","Karnataka","Tumkur","0.0","5.33","145.98","0.73","146.7","0.0","152.03","170.78"
"67","1966","5","Karnataka","Mysore","41.9","11.2","0.0","2.47","2.47","2.5","58.0","76.3"
"67","1967","5","Karnataka","Mysore","46.0","12.7","0.0","2.78","2.78","3.9","65.4","82.0"
"67","1968","5","Karnataka","Mysore","46.8","12.1","0.0","4.52","4.52","2.9","66.3","68.3"
"67","1969","5","Karnataka","Mysore","47.2","14.8","0.0","9.29","9.29","1.4","72.7","76.1"
"67","1970","5","Karnataka","Mysore","52.7","16.6","0.0","9.39","9.39","1.6","80.9","88.8"
"67","1971","5","Karnataka","Mysore","51.8","16.8","0.0","19.49","19.49","1.7","89.8","97.3"
"67","1972","5","Karnataka","Mysore","53.4","17.0","0.0","12.3","12.3","1.6","84.3","96.3"
"67","1973","5","Karnataka","Mysore","54.0","17.6","0.0","12.72","12.72","1.5","85.8","96.0"
"67","1974","5","Karnataka","Mysore","55.7","19.4","0.0","13.85","13.85","2.4","91.5","93.5"
"67","1975","5","Karnataka","Mysore","51.0","16.8","0.0","15.05","15.05","2.1","84.9","96.2"
"67","1976","5","Karnataka","Mysore","50.4","15.6","0.0","14.36","14.36","2.0","82.4","93.5"
"67","1977","5","Karnataka","Mysore","51.0","16.1","0.0","15.09","15.09","0.9","83.1","95.7"
"67","1978","5","Karnataka","Mysore","55.7","15.5","0.0","15.67","15.67","0.7","86.6","99.3"
"67","1979","5","Karnataka","Mysore","56.0","15.0","0.0","15.9","15.9","2.0","89.0","98.0"
"67","1980","5","Karnataka","Mysore","51.0","15.3","0.0","18.32","18.32","1.5","86.0","97.0"
"67","1981","5","Karnataka","Mysore","57.3","15.0","0.0","19.71","19.71","1.8","94.0","104.0"
"67","1982","5","Karnataka","Mysore","58.7","19.0","0.11","25.67","25.78","0.7","104.2","115.7"
"67","1983","5","Karnataka","Mysore","58.1","9.1","0.02","21.63","21.65","1.4","90.2","103.7"
"67","1984","5","Karnataka","Mysore","58.7","7.0","0.0","20.46","20.46","1.4","87.6","97.9"
"67","1985","5","Karnataka","Mysore","68.9","7.5","0.09","27.78","27.87","2.3","106.6","111.2"
"67","1986","5","Karnataka","Mysore","71.0","7.8","0.09","28.11","28.2","3.0","110.0","114.2"
"67","1987","5","Karnataka","Mysore","71.7","12.6","0.09","30.43","30.52","3.1","117.9","122.8"
"67","1988","5","Karnataka","Mysore","79.4","10.7","0.24","34.41","34.65","1.4","126.4","137.7"
"67","1989","5","Karnataka","Mysore","77.5","10.4","0.35","37.48","37.83","0.3","127.0","144.4"
"67","1990","5","Karnataka","Mysore","68.76","7.44","0.45","29.97","30.42","0.57","107.18","125.2"
"67","1991","5","Karnataka","Mysore","78.89","15.26","0.37","40.33","40.7","0.95","135.79","165.78"
"67","1992","5","Karnataka","Mysore","84.81","12.65","0.55","35.27","35.82","1.81","135.1","178.29"
"67","1993","5","Karnataka","Mysore","82.95","13.68","0.63","35.24","35.87","1.23","133.73","176.82"
"67","1994","5","Karnataka","Mysore","87.47","13.99","0.72","39.72","40.44","0.81","142.71","189.35"
"67","1995","5","Karnataka","Mysore","97.95","11.73","0.85","42.88","43.72","0.03","153.44","183.76"
"67","1996","5","Karnataka","Mysore","98.45","12.3","3.87","32.22","36.09","0.0","146.84","178.11"
"67","1997","5","Karnataka","Mysore","102.99","12.81","4.56","25.78","30.34","0.0","146.96","179.48"
"67","1998","5","Karnataka","Mysore","109.77","14.9","8.31","30.45","38.75","1.21","164.64","194.68"
"67","1999","5","Karnataka","Mysore","104.01","13.1","12.91","29.73","42.63","1.08","160.82","191.76"
"67","2000","5","Karnataka","Mysore","99.1","14.3","17.1","23.1","40.2","1.3","154.9","188.9"
"67","2001","5","Karnataka","Mysore","111.36","16.31","19.14","35.23","54.36","0.0","183.34","211.75"
"67","2002","5","Karnataka","Mysore","83.92","16.54","53.91","9.87","63.78","0.18","165.56","209.49"
"67","2003","5","Karnataka","Mysore","94.39","14.06","38.89","12.49","51.38","0.0","160.38","191.17"
"67","2004","5","Karnataka","Mysore","94.11","22.06","40.77","13.75","54.52","1.18","171.86","213.72"
"67","2005","5","Karnataka","Mysore","118.44","18.38","39.06","19.32","58.39","0.68","195.89","228.16"
"67","2006","5","Karnataka","Mysore","112.55","23.89","39.52","22.8","62.32","0.0","199.6","229.0"
"67","2007","5","Karnataka","Mysore","120.13","28.81","45.67","27.39","73.06","0.0","222.91","256.19"
"67","2008","5","Karnataka","Mysore","121.64","29.89","48.72","25.73","74.45","0.02","226.86","257.68"
"67","2009","5","Karnataka","Mysore","125.51","22.26","65.6","24.52","90.12","0.0","238.74","269.96"
"67","2010","5","Karnataka","Mysore","119.38","20.67","68.36","22.72","91.07","0.78","231.9","274.41"
"67","2011","5","Karnataka","Mysore","127.76","23.45","95.28","0.0","95.28","0.77","247.25","285.06"
"67","2012","5","Karnataka","Mysore","104.54","13.64","66.19","13.41","79.6","0.22","197.99","234.22"
"67","2013","5","Karnataka","Mysore","112.73","16.58","68.09","13.23","81.32","0.22","210.84","226.38"
"67","2014","5","Karnataka","Mysore","106.86","19.69","61.84","19.2","81.03","0.22","207.79","233.39"
"67","2015","5","Karnataka","Mysore","112.84","17.73","63.91","12.11","76.03","0.22","206.81","227.63"
"67","2016","5","Karnataka","Mysore","84.6","7.83","47.62","7.91","55.53","0.22","148.16","171.82"
"67","2017","5","Karnataka","Mysore","79.43","6.42","55.33","7.53","62.86","1.05","149.76","180.97"
"68","1966","5","Karnataka","Mandya","60.3","12.2","0.0","1.24","1.24","0.7","74.4","84.8"
"68","1967","5","Karnataka","Mandya","60.4","12.7","0.0","2.63","2.63","0.8","76.6","88.4"
"68","1968","5","Karnataka","Mandya","61.2","13.4","0.0","4.46","4.46","1.5","80.6","95.4"
"68","1969","5","Karnataka","Mandya","61.4","13.4","0.0","5.45","5.45","1.8","82.0","95.2"
"68","1970","5","Karnataka","Mandya","62.8","13.5","0.0","5.61","5.61","3.8","85.9","102.6"
"68","1971","5","Karnataka","Mandya","63.0","13.5","0.0","6.32","6.32","2.0","84.9","101.1"
"68","1972","5","Karnataka","Mandya","65.1","13.9","0.0","7.68","7.68","1.6","88.3","106.1"
"68","1973","5","Karnataka","Mandya","63.1","13.4","0.0","7.75","7.75","2.3","86.6","107.6"
"68","1974","5","Karnataka","Mandya","81.8","13.2","0.0","8.08","8.08","6.0","109.3","109.3"
"68","1975","5","Karnataka","Mandya","68.1","11.7","0.0","8.26","8.26","2.7","90.7","123.6"
"68","1976","5","Karnataka","Mandya","66.3","2.6","0.0","8.45","8.45","1.1","78.4","105.9"
"68","1977","5","Karnataka","Mandya","76.1","9.7","0.0","9.15","9.15","2.0","97.0","134.1"
"68","1978","5","Karnataka","Mandya","76.7","9.7","0.0","8.89","8.89","2.0","97.2","130.3"
"68","1979","5","Karnataka","Mandya","76.0","10.0","0.0","8.89","8.89","2.0","97.0","131.0"
"68","1980","5","Karnataka","Mandya","76.0","9.7","0.0","7.96","7.96","2.5","97.0","130.0"
"68","1981","5","Karnataka","Mandya","81.6","8.1","0.0","8.35","8.35","1.8","100.0","133.0"
"68","1982","5","Karnataka","Mandya","81.5","9.6","0.0","8.05","8.05","2.1","101.6","136.1"
"68","1983","5","Karnataka","Mandya","82.4","11.4","0.0","8.66","8.66","2.2","104.7","139.4"
"68","1984","5","Karnataka","Mandya","81.5","9.6","0.0","8.0","8.0","1.8","100.9","120.2"
"68","1985","5","Karnataka","Mandya","84.1","6.7","0.0","7.25","7.25","1.4","99.4","129.9"
"68","1986","5","Karnataka","Mandya","85.1","8.9","0.18","8.48","8.66","1.5","104.1","140.8"
"68","1987","5","Karnataka","Mandya","71.5","10.4","0.1","8.14","8.24","1.5","91.6","133.8"
"68","1988","5","Karnataka","Mandya","81.6","9.3","0.2","7.61","7.81","1.2","100.3","133.8"
"68","1989","5","Karnataka","Mandya","81.0","9.5","0.26","7.27","7.53","1.4","99.8","130.1"
"68","1990","5","Karnataka","Mandya","82.8","7.5","0.28","7.43","7.71","1.6","99.6","128.4"
"68","1991","5","Karnataka","Mandya","84.4","10.8","0.31","7.41","7.72","1.7","104.7","137.8"
"68","1992","5","Karnataka","Mandya","86.9","9.1","0.5","6.28","6.78","1.4","104.1","136.1"
"68","1993","5","Karnataka","Mandya","86.5","8.4","0.99","6.63","7.62","1.5","104.0","138.1"
"68","1994","5","Karnataka","Mandya","92.6","9.7","2.16","8.49","10.65","1.3","114.3","143.0"
"68","1995","5","Karnataka","Mandya","92.96","8.31","1.95","8.29","10.24","0.87","112.36","137.59"
"68","1996","5","Karnataka","Mandya","88.96","9.61","2.48","8.51","10.99","1.03","110.6","128.85"
"68","1997","5","Karnataka","Mandya","94.78","10.55","2.81","9.31","12.12","1.4","119.24","144.28"
"68","1998","5","Karnataka","Mandya","97.87","7.93","2.38","7.36","9.74","1.36","116.9","138.74"
"68","1999","5","Karnataka","Mandya","86.35","8.16","2.28","10.29","12.57","0.95","108.02","141.03"
"68","2000","5","Karnataka","Mandya","84.9","6.9","3.0","11.3","14.3","1.3","107.4","136.5"
"68","2001","5","Karnataka","Mandya","88.24","7.59","3.35","10.52","13.87","1.43","111.13","136.0"
"68","2002","5","Karnataka","Mandya","66.82","7.86","4.06","9.59","13.65","1.36","89.69","106.63"
"68","2003","5","Karnataka","Mandya","68.1","9.03","6.35","11.64","17.99","1.62","96.74","116.35"
"68","2004","5","Karnataka","Mandya","91.23","14.23","8.38","14.51","22.89","1.89","130.24","159.15"
"68","2005","5","Karnataka","Mandya","90.6","10.85","9.79","9.01","18.8","2.14","122.39","150.48"
"68","2006","5","Karnataka","Mandya","92.92","18.84","4.51","7.06","11.57","2.87","126.2","149.04"
"68","2007","5","Karnataka","Mandya","96.87","18.99","4.51","7.16","11.67","3.44","130.97","167.18"
"68","2008","5","Karnataka","Mandya","102.81","20.8","5.8","7.16","12.96","3.59","140.16","174.53"
"68","2009","5","Karnataka","Mandya","103.28","21.8","5.0","8.16","13.16","3.15","141.39","170.01"
"68","2010","5","Karnataka","Mandya","99.36","23.17","6.46","8.54","15.0","3.22","140.76","173.51"
"68","2011","5","Karnataka","Mandya","107.55","18.21","12.88","0.0","12.88","2.86","141.5","168.12"
"68","2012","5","Karnataka","Mandya","96.73","15.94","4.93","6.85","11.78","1.37","125.82","140.35"
"68","2013","5","Karnataka","Mandya","96.51","15.94","4.99","6.85","11.84","1.4","125.69","142.24"
"68","2014","5","Karnataka","Mandya","89.17","15.51","15.7","8.4","24.09","1.81","130.58","154.23"
"68","2015","5","Karnataka","Mandya","90.67","14.85","16.03","5.49","21.51","1.25","128.29","151.36"
"68","2016","5","Karnataka","Mandya","51.28","14.92","21.81","4.73","26.55","1.77","94.52","112.25"
"68","2017","5","Karnataka","Mandya","55.2","23.92","20.89","7.34","28.23","2.52","109.87","121.72"
"69","1966","5","Karnataka","Hassan","10.7","34.1","0.0","1.72","1.72","9.8","56.3","59.2"
"69","1967","5","Karnataka","Hassan","11.5","35.5","0.0","3.82","3.82","9.5","60.3","61.1"
"69","1968","5","Karnataka","Hassan","11.5","35.5","0.0","3.82","3.82","9.5","60.3","61.5"
"69","1969","5","Karnataka","Hassan","8.0","34.6","0.0","2.41","2.41","9.5","54.5","61.3"
"69","1970","5","Karnataka","Hassan","7.6","24.2","0.0","2.41","2.41","2.7","36.9","43.2"
"69","1971","5","Karnataka","Hassan","9.0","28.4","0.0","2.06","2.06","10.6","50.0","57.1"
"69","1972","5","Karnataka","Hassan","7.5","32.6","0.0","2.65","2.65","8.6","51.4","58.0"
"69","1973","5","Karnataka","Hassan","7.6","32.2","0.0","3.23","3.23","8.1","51.1","56.3"
"69","1974","5","Karnataka","Hassan","7.6","34.2","0.0","2.8","2.8","7.4","52.7","52.7"
"69","1975","5","Karnataka","Hassan","7.6","35.7","0.0","3.13","3.13","10.7","57.1","68.1"
"69","1976","5","Karnataka","Hassan","6.8","22.0","0.0","2.25","2.25","6.3","37.3","40.8"
"69","1977","5","Karnataka","Hassan","7.5","33.0","0.0","5.54","5.54","10.1","56.1","68.3"
"69","1978","5","Karnataka","Hassan","9.3","32.0","0.0","2.74","2.74","9.4","53.4","63.1"
"69","1979","5","Karnataka","Hassan","8.0","33.0","0.0","2.88","2.88","12.0","56.0","66.0"
"69","1980","5","Karnataka","Hassan","8.4","33.0","0.0","2.87","2.87","11.9","56.0","65.0"
"69","1981","5","Karnataka","Hassan","9.1","28.2","0.0","2.74","2.74","11.7","52.0","61.0"
"69","1982","5","Karnataka","Hassan","9.6","30.9","0.0","2.71","2.71","20.1","64.2","68.2"
"69","1983","5","Karnataka","Hassan","10.1","30.4","0.0","2.25","2.25","13.0","56.1","59.1"
"69","1984","5","Karnataka","Hassan","9.6","30.9","0.0","2.66","2.66","13.4","56.9","59.6"
"69","1985","5","Karnataka","Hassan","13.5","22.0","0.0","2.03","2.03","11.8","50.3","56.0"
"69","1986","5","Karnataka","Hassan","16.0","21.3","2.5","1.99","4.49","12.1","54.3","59.0"
"69","1987","5","Karnataka","Hassan","13.4","19.3","2.36","2.28","4.64","13.3","51.0","56.4"
"69","1988","5","Karnataka","Hassan","16.1","28.1","2.77","2.28","5.05","12.4","62.3","70.1"
"69","1989","5","Karnataka","Hassan","18.4","27.9","2.9","2.25","5.15","7.1","58.9","65.7"
"69","1990","5","Karnataka","Hassan","22.0","19.2","6.67","2.17","8.84","7.5","57.6","63.8"
"69","1991","5","Karnataka","Hassan","22.2","25.5","5.82","2.48","8.3","7.6","63.6","78.0"
"69","1992","5","Karnataka","Hassan","22.4","25.8","5.14","2.24","7.38","7.6","63.2","73.5"
"69","1993","5","Karnataka","Hassan","23.4","26.4","10.12","2.29","12.41","7.6","69.8","80.8"
"69","1994","5","Karnataka","Hassan","27.0","30.4","13.91","2.16","16.07","7.7","81.1","94.9"
"69","1995","5","Karnataka","Hassan","26.79","26.48","10.57","2.38","12.94","5.49","71.71","79.04"
"69","1996","5","Karnataka","Hassan","30.5","24.39","10.91","1.97","12.88","5.64","73.4","82.55"
"69","1997","5","Karnataka","Hassan","27.36","27.92","15.46","2.13","17.59","5.66","78.63","92.57"
"69","1998","5","Karnataka","Hassan","28.92","27.63","13.52","2.12","15.64","5.66","77.85","92.91"
"69","1999","5","Karnataka","Hassan","28.44","28.03","14.79","2.08","16.87","5.71","79.05","93.13"
"69","2000","5","Karnataka","Hassan","27.0","30.3","15.1","2.2","17.3","5.8","80.4","100.1"
"69","2001","5","Karnataka","Hassan","28.63","28.01","16.63","2.23","18.86","5.1","80.6","91.79"
"69","2002","5","Karnataka","Hassan","26.1","26.93","22.87","2.22","25.09","5.95","84.07","93.3"
"69","2003","5","Karnataka","Hassan","20.05","16.9","32.73","1.46","34.19","5.32","76.46","85.15"
"69","2004","5","Karnataka","Hassan","31.97","22.13","37.3","1.19","38.49","1.08","93.68","104.65"
"69","2005","5","Karnataka","Hassan","33.36","25.8","34.39","0.91","35.3","1.15","95.61","112.53"
"69","2006","5","Karnataka","Hassan","31.04","27.47","34.01","0.97","34.98","0.91","94.4","108.34"
"69","2007","5","Karnataka","Hassan","34.6","28.96","22.75","1.07","23.82","1.21","88.59","109.66"
"69","2008","5","Karnataka","Hassan","35.73","32.5","22.34","1.01","23.35","1.2","92.78","116.81"
"69","2009","5","Karnataka","Hassan","40.68","31.47","40.37","0.93","41.3","1.67","115.11","128.05"
"69","2010","5","Karnataka","Hassan","45.4","30.14","47.29","1.72","49.01","1.98","126.53","143.78"
"69","2011","5","Karnataka","Hassan","36.73","25.77","31.92","0.0","31.92","1.81","96.24","112.43"
"69","2012","5","Karnataka","Hassan","35.9","21.92","35.08","0.61","35.68","1.59","95.09","106.37"
"69","2013","5","Karnataka","Hassan","41.03","22.69","33.78","0.64","34.42","1.63","99.77","107.33"
"69","2014","5","Karnataka","Hassan","42.98","22.68","34.73","0.56","35.29","3.17","104.13","116.56"
"69","2015","5","Karnataka","Hassan","36.1","20.31","23.39","0.5","23.9","3.62","83.93","97.76"
"69","2016","5","Karnataka","Hassan","4.5","17.89","25.81","0.58","26.39","4.57","53.35","63.25"
"69","2017","5","Karnataka","Hassan","3.75","17.41","28.81","0.5","29.31","3.94","54.4","64.6"
"70","1966","5","Karnataka","Shimoge","40.9","58.9","0.0","1.97","1.97","33.9","135.7","152.3"
"70","1967","5","Karnataka","Shimoge","59.9","65.4","0.0","2.38","2.38","29.1","156.7","169.2"
"70","1968","5","Karnataka","Shimoge","62.0","65.6","0.0","2.1","2.1","13.3","143.0","168.9"
"70","1969","5","Karnataka","Shimoge","62.0","65.7","0.0","2.53","2.53","13.2","143.4","175.2"
"70","1970","5","Karnataka","Shimoge","59.7","65.2","0.0","2.4","2.4","6.6","135.4","165.0"
"70","1971","5","Karnataka","Shimoge","59.5","65.2","0.0","4.5","4.5","6.6","135.9","175.7"
"70","1972","5","Karnataka","Shimoge","58.4","64.4","0.01","2.19","2.2","5.7","130.7","157.3"
"70","1973","5","Karnataka","Shimoge","58.3","63.7","0.01","2.2","2.21","4.4","128.7","157.9"
"70","1974","5","Karnataka","Shimoge","82.4","70.8","0.01","1.97","1.98","6.4","162.2","162.2"
"70","1975","5","Karnataka","Shimoge","58.9","61.3","0.01","1.93","1.94","5.1","127.2","161.1"
"70","1976","5","Karnataka","Shimoge","60.3","55.2","0.01","2.33","2.34","2.9","120.7","144.8"
"70","1977","5","Karnataka","Shimoge","57.3","57.3","0.14","2.38","2.52","3.0","120.1","166.9"
"70","1978","5","Karnataka","Shimoge","58.4","57.2","0.13","1.62","1.75","5.2","122.6","161.7"
"70","1979","5","Karnataka","Shimoge","62.0","60.0","0.1","2.69","2.79","5.0","130.0","167.0"
"70","1980","5","Karnataka","Shimoge","61.7","60.4","0.11","2.97","3.08","5.2","131.0","168.0"
"70","1981","5","Karnataka","Shimoge","61.6","60.9","0.11","3.15","3.26","4.5","130.0","168.0"
"70","1982","5","Karnataka","Shimoge","62.6","61.6","0.3","3.56","3.86","3.2","139.8","184.4"
"70","1983","5","Karnataka","Shimoge","61.5","59.3","0.22","3.42","3.64","3.7","128.2","170.3"
"70","1984","5","Karnataka","Shimoge","63.6","61.6","0.12","3.27","3.39","3.7","131.3","170.6"
"70","1985","5","Karnataka","Shimoge","73.8","61.5","0.37","4.3","4.67","4.5","144.5","177.8"
"70","1986","5","Karnataka","Shimoge","72.6","57.2","0.42","4.9","5.32","6.6","141.7","181.3"
"70","1987","5","Karnataka","Shimoge","72.5","51.5","0.76","6.28","7.04","6.8","137.9","165.5"
"70","1988","5","Karnataka","Shimoge","71.9","55.8","0.91","6.71","7.62","6.3","142.2","180.0"
"70","1989","5","Karnataka","Shimoge","74.8","54.6","1.08","6.78","7.86","6.8","144.4","182.5"
"70","1990","5","Karnataka","Shimoge","75.6","55.1","2.68","5.4","8.08","6.9","145.7","184.1"
"70","1991","5","Karnataka","Shimoge","73.0","54.5","5.84","4.19","10.03","7.8","145.4","171.7"
"70","1992","5","Karnataka","Shimoge","71.1","55.0","7.78","3.88","11.66","7.2","144.9","194.3"
"70","1993","5","Karnataka","Shimoge","72.1","57.5","7.97","4.53","12.5","11.8","154.3","197.2"
"70","1994","5","Karnataka","Shimoge","69.5","59.5","10.42","4.8","15.22","11.3","155.5","199.3"
"70","1995","5","Karnataka","Shimoge","68.73","64.11","10.67","6.19","16.86","8.21","157.9","199.64"
"70","1996","5","Karnataka","Shimoge","68.2","60.85","12.41","6.37","18.78","8.55","156.4","197.22"
"70","1997","5","Karnataka","Shimoge","72.29","66.9","15.58","5.89","21.47","13.06","174.08","217.73"
"70","1998","5","Karnataka","Shimoge","45.24","65.0","6.29","2.04","8.33","10.17","128.73","156.6"
"70","1999","5","Karnataka","Shimoge","46.36","65.01","7.38","2.54","9.92","12.95","134.25","161.37"
"70","2000","5","Karnataka","Shimoge","46.1","62.4","8.0","3.5","11.5","12.5","132.5","162.5"
"70","2001","5","Karnataka","Shimoge","46.57","53.48","8.81","3.41","12.22","11.25","123.52","149.78"
"70","2002","5","Karnataka","Shimoge","42.45","47.51","11.1","6.48","17.58","11.79","119.33","136.07"
"70","2003","5","Karnataka","Shimoge","40.94","46.7","12.26","6.03","18.29","12.19","118.12","138.77"
"70","2004","5","Karnataka","Shimoge","43.43","47.95","13.24","6.57","19.81","11.76","122.96","147.63"
"70","2005","5","Karnataka","Shimoge","47.97","53.33","16.5","6.55","23.05","11.66","136.01","161.36"
"70","2006","5","Karnataka","Shimoge","45.54","52.64","18.06","6.42","24.48","11.12","133.78","163.35"
"70","2007","5","Karnataka","Shimoge","42.18","57.63","20.8","5.52","26.32","10.84","136.97","163.13"
"70","2008","5","Karnataka","Shimoge","33.73","59.96","22.84","4.45","27.29","11.06","132.04","160.11"
"70","2009","5","Karnataka","Shimoge","37.59","52.03","25.81","5.74","31.55","10.65","131.81","163.98"
"70","2010","5","Karnataka","Shimoge","46.2","56.63","24.18","5.38","29.56","9.3","141.68","174.74"
"70","2011","5","Karnataka","Shimoge","45.24","53.62","35.11","0.0","35.11","9.23","143.21","174.11"
"70","2012","5","Karnataka","Shimoge","42.23","44.81","27.18","5.77","32.94","8.3","128.28","160.62"
"70","2013","5","Karnataka","Shimoge","43.54","54.02","29.27","6.02","35.29","8.64","141.48","172.55"
"70","2014","5","Karnataka","Shimoge","44.35","53.57","30.81","6.28","37.08","8.64","143.64","174.52"
"70","2015","5","Karnataka","Shimoge","42.5","50.95","32.35","6.4","38.75","8.37","140.57","163.81"
"70","2016","5","Karnataka","Shimoge","42.43","48.57","31.61","6.11","37.72","7.81","136.53","153.99"
"70","2017","5","Karnataka","Shimoge","35.47","49.47","31.91","6.47","38.38","8.84","132.17","155.7"
"71","1966","5","Karnataka","Chickmagalur","8.8","19.6","0.0","0.53","0.53","19.8","48.7","50.4"
"71","1967","5","Karnataka","Chickmagalur","9.1","18.8","0.0","1.15","1.15","19.4","48.4","49.9"
"71","1968","5","Karnataka","Chickmagalur","10.0","18.6","0.0","1.84","1.84","2.3","32.7","33.5"
"71","1969","5","Karnataka","Chickmagalur","9.0","18.4","0.0","1.43","1.43","1.2","29.8","32.9"
"71","1970","5","Karnataka","Chickmagalur","8.2","19.5","0.0","1.54","1.54","1.1","31.3","34.1"
"71","1971","5","Karnataka","Chickmagalur","8.2","19.5","0.0","1.67","1.67","1.1","30.4","33.5"
"71","1972","5","Karnataka","Chickmagalur","8.2","21.1","0.0","1.58","1.58","3.9","34.7","38.1"
"71","1973","5","Karnataka","Chickmagalur","8.2","19.5","0.0","1.67","1.67","3.6","33.0","38.0"
"71","1974","5","Karnataka","Chickmagalur","10.0","21.7","0.0","2.36","2.36","4.5","38.9","38.9"
"71","1975","5","Karnataka","Chickmagalur","8.5","14.8","0.0","2.15","2.15","2.4","27.9","33.0"
"71","1976","5","Karnataka","Chickmagalur","3.8","5.6","0.0","1.05","1.05","0.9","11.3","14.4"
"71","1977","5","Karnataka","Chickmagalur","9.7","14.6","0.0","1.59","1.59","1.4","27.4","29.1"
"71","1978","5","Karnataka","Chickmagalur","9.7","14.9","0.0","1.58","1.58","1.5","27.8","30.6"
"71","1979","5","Karnataka","Chickmagalur","11.0","17.0","0.0","1.59","1.59","2.0","31.0","34.0"
"71","1980","5","Karnataka","Chickmagalur","11.2","16.5","0.0","1.62","1.62","1.6","31.0","34.0"
"71","1981","5","Karnataka","Chickmagalur","11.4","15.1","0.0","1.6","1.6","1.6","30.0","32.0"
"71","1982","5","Karnataka","Chickmagalur","11.3","14.7","0.0","1.58","1.58","1.6","28.7","30.7"
"71","1983","5","Karnataka","Chickmagalur","11.3","14.9","0.0","1.57","1.57","1.7","29.4","31.3"
"71","1984","5","Karnataka","Chickmagalur","11.3","14.7","0.0","1.55","1.55","1.6","29.2","31.3"
"71","1985","5","Karnataka","Chickmagalur","10.8","13.9","0.0","1.58","1.58","2.5","28.8","31.3"
"71","1986","5","Karnataka","Chickmagalur","10.6","13.7","0.0","1.59","1.59","2.7","28.6","35.7"
"71","1987","5","Karnataka","Chickmagalur","5.7","10.9","0.82","2.28","3.1","4.7","24.3","31.0"
"71","1988","5","Karnataka","Chickmagalur","6.5","10.1","1.3","2.24","3.54","7.6","27.9","34.1"
"71","1989","5","Karnataka","Chickmagalur","6.1","9.5","1.42","2.05","3.47","8.2","27.4","32.1"
"71","1990","5","Karnataka","Chickmagalur","6.0","8.6","1.52","2.37","3.89","8.2","26.6","32.4"
"71","1991","5","Karnataka","Chickmagalur","5.2","8.7","2.98","2.43","5.41","7.2","26.6","32.1"
"71","1992","5","Karnataka","Chickmagalur","6.5","9.4","3.01","2.43","5.44","8.0","29.4","37.2"
"71","1993","5","Karnataka","Chickmagalur","6.6","8.1","3.22","2.49","5.71","7.1","27.5","39.2"
"71","1994","5","Karnataka","Chickmagalur","6.6","9.8","3.56","2.55","6.11","8.3","30.8","39.4"
"71","1995","5","Karnataka","Chickmagalur","4.5","8.2","5.17","1.5","6.67","7.82","27.18","33.01"
"71","1996","5","Karnataka","Chickmagalur","4.86","8.42","4.82","1.24","6.05","7.2","26.54","32.26"
"71","1997","5","Karnataka","Chickmagalur","4.87","8.39","6.18","1.02","7.2","7.2","27.78","33.26"
"71","1998","5","Karnataka","Chickmagalur","4.87","7.63","6.11","1.15","7.26","6.38","26.14","31.28"
"71","1999","5","Karnataka","Chickmagalur","5.61","7.04","3.45","1.09","4.54","7.07","24.26","35.05"
"71","2000","5","Karnataka","Chickmagalur","4.9","6.8","3.7","1.2","4.9","6.1","22.7","30.5"
"71","2001","5","Karnataka","Chickmagalur","4.91","6.98","5.53","1.19","6.72","6.47","25.08","32.76"
"71","2002","5","Karnataka","Chickmagalur","5.2","6.27","6.25","0.98","7.23","7.3","26.0","30.51"
"71","2003","5","Karnataka","Chickmagalur","5.2","6.76","7.1","0.28","7.38","7.9","27.24","29.81"
"71","2004","5","Karnataka","Chickmagalur","6.07","9.15","7.64","0.35","7.99","8.87","32.07","37.42"
"71","2005","5","Karnataka","Chickmagalur","5.21","10.9","9.6","0.51","10.11","7.98","34.21","40.76"
"71","2006","5","Karnataka","Chickmagalur","5.34","10.94","10.12","0.57","10.69","8.4","35.37","41.09"
"71","2007","5","Karnataka","Chickmagalur","2.77","10.71","12.13","0.73","12.86","8.14","34.48","36.0"
"71","2008","5","Karnataka","Chickmagalur","4.19","9.97","9.7","0.58","10.28","8.64","33.08","37.33"
"71","2009","5","Karnataka","Chickmagalur","4.47","10.43","10.71","0.63","11.34","11.8","38.05","42.44"
"71","2010","5","Karnataka","Chickmagalur","4.67","10.82","10.98","0.64","11.62","12.14","39.24","43.67"
"71","2011","5","Karnataka","Chickmagalur","6.45","11.38","13.11","0.0","13.11","12.41","43.34","48.05"
"71","2012","5","Karnataka","Chickmagalur","5.73","7.13","22.84","0.13","22.97","14.66","50.48","55.98"
"71","2013","5","Karnataka","Chickmagalur","5.58","6.98","23.35","0.22","23.57","15.87","52.01","59.54"
"71","2014","5","Karnataka","Chickmagalur","6.6","7.14","26.0","0.18","26.18","13.99","53.91","62.11"
"71","2015","5","Karnataka","Chickmagalur","6.21","6.38","26.17","0.17","26.35","13.73","52.67","64.39"
"71","2016","5","Karnataka","Chickmagalur","4.82","5.76","30.25","0.16","30.41","16.54","57.53","66.4"
"71","2017","5","Karnataka","Chickmagalur","4.98","3.95","32.52","0.15","32.67","14.68","56.28","57.13"
"72","1966","5","Karnataka","Chitradurga","20.1","10.4","0.0","15.17","15.17","1.9","47.6","90.3"
"72","1967","5","Karnataka","Chitradurga","33.3","16.9","0.0","14.29","14.29","1.4","65.9","81.6"
"72","1968","5","Karnataka","Chitradurga","37.6","13.1","0.0","12.5","12.5","4.1","67.3","88.2"
"72","1969","5","Karnataka","Chitradurga","42.0","17.9","0.0","11.93","11.93","0.5","72.3","94.6"
"72","1970","5","Karnataka","Chitradurga","45.2","17.4","0.0","20.15","20.15","0.5","83.4","118.8"
"72","1971","5","Karnataka","Chitradurga","45.3","18.4","0.0","20.7","20.7","0.4","84.9","118.8"
"72","1972","5","Karnataka","Chitradurga","41.2","18.3","0.0","15.7","15.7","0.7","75.9","95.6"
"72","1973","5","Karnataka","Chitradurga","38.0","17.1","0.0","16.64","16.64","0.7","72.5","100.0"
"72","1974","5","Karnataka","Chitradurga","34.9","20.6","0.0","17.1","17.1","1.6","73.5","86.8"
"72","1975","5","Karnataka","Chitradurga","38.0","23.1","0.0","14.48","14.48","0.7","76.3","110.1"
"72","1976","5","Karnataka","Chitradurga","43.4","8.7","0.0","12.07","12.07","0.9","65.0","88.4"
"72","1977","5","Karnataka","Chitradurga","60.5","14.8","0.0","18.15","18.15","1.3","94.7","118.7"
"72","1978","5","Karnataka","Chitradurga","53.0","16.0","0.0","14.16","14.16","0.2","83.4","104.8"
"72","1979","5","Karnataka","Chitradurga","55.0","16.0","0.0","13.15","13.15","2.0","86.0","125.0"
"72","1980","5","Karnataka","Chitradurga","55.4","15.4","0.0","14.9","14.9","1.8","87.0","118.0"
"72","1981","5","Karnataka","Chitradurga","52.0","12.7","0.1","18.33","18.43","2.0","85.0","125.0"
"72","1982","5","Karnataka","Chitradurga","51.8","10.7","4.27","23.09","27.36","1.2","91.0","150.0"
"72","1983","5","Karnataka","Chitradurga","55.9","10.3","2.24","27.26","29.5","2.8","98.6","132.7"
"72","1984","5","Karnataka","Chitradurga","51.8","10.7","0.92","23.2","24.12","2.7","89.3","131.7"
"72","1985","5","Karnataka","Chitradurga","66.7","7.8","10.27","21.28","31.55","5.5","111.5","146.1"
"72","1986","5","Karnataka","Chitradurga","67.3","8.8","14.8","24.75","39.55","7.4","123.0","172.0"
"72","1987","5","Karnataka","Chitradurga","67.2","11.3","19.64","26.38","46.02","5.3","129.7","160.7"
"72","1988","5","Karnataka","Chitradurga","68.6","17.8","27.66","25.11","52.77","0.0","139.9","179.2"
"72","1989","5","Karnataka","Chitradurga","59.2","7.0","24.52","24.49","49.01","0.0","115.6","166.2"
"72","1990","5","Karnataka","Chitradurga","64.47","6.59","20.56","34.77","55.33","3.61","129.99","167.78"
"72","1991","5","Karnataka","Chitradurga","47.19","6.35","26.66","37.55","64.21","2.18","119.93","145.37"
"72","1992","5","Karnataka","Chitradurga","61.86","6.64","29.84","20.8","50.64","5.77","124.91","185.03"
"72","1993","5","Karnataka","Chitradurga","57.84","7.25","38.44","19.17","57.61","6.02","128.72","193.49"
"72","1994","5","Karnataka","Chitradurga","53.53","3.33","43.98","10.62","54.6","4.83","116.28","177.66"
"72","1995","5","Karnataka","Chitradurga","53.46","1.4","46.03","11.43","57.45","0.1","112.41","167.61"
"72","1996","5","Karnataka","Chitradurga","50.03","3.32","51.6","13.8","65.4","0.0","118.74","172.49"
"72","1997","5","Karnataka","Chitradurga","50.5","9.62","31.5","101.51","133.01","0.0","193.13","223.46"
"72","1998","5","Karnataka","Chitradurga","76.97","5.64","80.67","6.97","87.64","12.75","183.0","274.41"
"72","1999","5","Karnataka","Chitradurga","82.85","8.35","89.94","6.7","96.63","9.44","197.27","280.33"
"72","2000","5","Karnataka","Chitradurga","85.9","10.7","91.9","6.5","98.4","9.1","204.1","283.2"
"72","2001","5","Karnataka","Chitradurga","90.87","8.67","96.89","6.44","103.34","8.65","211.83","282.09"
"72","2002","5","Karnataka","Chitradurga","86.14","6.9","110.87","2.56","113.42","9.45","216.09","260.54"
"72","2003","5","Karnataka","Chitradurga","73.17","0.94","109.2","2.1","111.3","7.64","193.72","227.5"
"72","2004","5","Karnataka","Chitradurga","72.85","2.15","117.97","1.48","119.46","13.79","208.24","276.25"
"72","2005","5","Karnataka","Chitradurga","88.12","2.37","123.42","0.53","123.95","8.55","222.98","307.27"
"72","2006","5","Karnataka","Chitradurga","66.47","1.91","143.23","0.95","144.18","16.78","229.91","317.79"
"72","2007","5","Karnataka","Chitradurga","56.74","2.33","159.02","0.69","159.71","18.44","237.37","271.71"
"72","2008","5","Karnataka","Chitradurga","63.17","2.17","157.68","0.43","158.11","15.9","239.34","314.14"
"72","2009","5","Karnataka","Chitradurga","70.28","2.49","180.91","0.18","181.1","15.4","269.28","344.11"
"72","2010","5","Karnataka","Chitradurga","70.91","1.95","178.88","0.79","179.67","12.5","265.04","357.17"
"72","2011","5","Karnataka","Chitradurga","77.48","1.48","164.9","0.0","164.9","13.51","257.36","351.43"
"72","2012","5","Karnataka","Chitradurga","90.15","1.47","173.17","0.27","173.44","12.92","277.96","337.39"
"72","2013","5","Karnataka","Chitradurga","91.84","1.39","159.36","0.91","160.27","10.31","263.81","328.33"
"72","2014","5","Karnataka","Chitradurga","95.94","2.34","173.13","1.08","174.21","12.35","284.84","354.69"
"72","2015","5","Karnataka","Chitradurga","86.61","1.53","170.87","0.86","171.73","8.46","268.34","317.59"
"72","2016","5","Karnataka","Chitradurga","70.28","0.91","180.94","0.0","180.94","8.11","260.24","289.87"
"72","2017","5","Karnataka","Chitradurga","37.75","1.11","209.83","0.0","209.83","6.64","255.32","298.68"
"73","1966","5","Karnataka","Bellary","32.7","6.4","0.0","5.25","5.25","0.2","44.5","47.5"
"73","1967","5","Karnataka","Bellary","34.1","7.2","0.0","5.66","5.66","0.1","47.1","51.1"
"73","1968","5","Karnataka","Bellary","36.1","8.4","0.0","6.0","6.0","0.9","51.5","58.9"
"73","1969","5","Karnataka","Bellary","30.1","6.5","0.0","7.09","7.09","0.9","43.8","59.9"
"73","1970","5","Karnataka","Bellary","32.8","5.8","0.0","7.54","7.54","1.5","47.9","66.3"
"73","1971","5","Karnataka","Bellary","39.3","5.8","0.0","13.43","13.43","1.4","59.9","82.9"
"73","1972","5","Karnataka","Bellary","39.3","4.9","0.0","7.22","7.22","1.5","52.8","69.7"
"73","1973","5","Karnataka","Bellary","41.3","4.9","0.0","7.22","7.22","1.5","54.8","70.7"
"73","1974","5","Karnataka","Bellary","57.9","7.4","0.0","8.28","8.28","2.5","76.4","76.4"
"73","1975","5","Karnataka","Bellary","70.0","6.7","0.0","9.14","9.14","1.7","87.5","122.6"
"73","1976","5","Karnataka","Bellary","75.3","2.8","0.01","8.74","8.75","2.0","89.0","108.9"
"73","1977","5","Karnataka","Bellary","75.5","4.8","0.0","12.27","12.27","0.6","93.2","122.5"
"73","1978","5","Karnataka","Bellary","80.3","6.1","0.01","9.41","9.42","0.2","96.1","127.2"
"73","1979","5","Karnataka","Bellary","82.0","6.0","0.03","7.64","7.67","4.0","100.0","135.0"
"73","1980","5","Karnataka","Bellary","81.8","6.3","0.02","6.91","6.93","6.5","102.0","136.0"
"73","1981","5","Karnataka","Bellary","85.3","6.8","0.02","9.79","9.81","7.0","109.0","146.0"
"73","1982","5","Karnataka","Bellary","106.4","6.9","1.37","17.21","18.58","7.8","140.1","177.0"
"73","1983","5","Karnataka","Bellary","103.5","5.6","0.04","15.62","15.66","9.6","134.4","177.3"
"73","1984","5","Karnataka","Bellary","90.3","4.9","0.02","12.85","12.87","8.0","116.1","156.7"
"73","1985","5","Karnataka","Bellary","97.0","2.3","1.9","20.83","22.73","13.6","135.6","180.4"
"73","1986","5","Karnataka","Bellary","99.8","4.0","3.26","24.55","27.81","15.7","147.3","193.8"
"73","1987","5","Karnataka","Bellary","111.2","5.6","5.32","22.89","28.21","11.4","156.3","205.9"
"73","1988","5","Karnataka","Bellary","114.5","5.5","9.34","24.81","34.15","15.2","170.3","226.0"
"73","1989","5","Karnataka","Bellary","106.5","5.2","9.43","24.92","34.35","13.6","160.4","209.8"
"73","1990","5","Karnataka","Bellary","98.2","7.4","13.69","27.39","41.08","14.5","161.3","225.5"
"73","1991","5","Karnataka","Bellary","105.8","6.6","14.84","26.27","41.11","14.5","167.9","234.0"
"73","1992","5","Karnataka","Bellary","115.4","4.9","19.02","26.25","45.27","15.9","181.4","241.4"
"73","1993","5","Karnataka","Bellary","110.7","6.1","24.58","20.29","44.87","15.6","177.4","241.9"
"73","1994","5","Karnataka","Bellary","108.5","5.9","32.01","13.99","46.0","17.5","177.9","241.4"
"73","1995","5","Karnataka","Bellary","105.08","3.68","36.49","30.19","66.67","3.62","179.05","235.24"
"73","1996","5","Karnataka","Bellary","105.88","3.5","32.61","29.98","62.59","3.82","175.8","247.09"
"73","1997","5","Karnataka","Bellary","98.69","3.1","35.34","12.73","48.07","15.33","165.5","235.94"
"73","1998","5","Karnataka","Bellary","98.47","2.7","26.85","11.74","38.59","12.04","151.8","236.15"
"73","1999","5","Karnataka","Bellary","97.24","2.84","33.23","12.45","45.68","14.45","160.21","229.99"
"73","2000","5","Karnataka","Bellary","92.3","3.5","30.3","11.8","42.1","19.5","157.4","219.8"
"73","2001","5","Karnataka","Bellary","84.3","4.44","32.57","11.29","43.86","20.63","153.23","210.95"
"73","2002","5","Karnataka","Bellary","98.78","3.01","40.09","9.71","49.8","19.01","170.6","205.7"
"73","2003","5","Karnataka","Bellary","69.94","2.31","51.49","6.57","58.06","17.16","147.47","168.07"
"73","2004","5","Karnataka","Bellary","79.71","2.05","53.26","7.16","60.42","19.06","161.23","204.26"
"73","2005","5","Karnataka","Bellary","80.39","2.36","56.27","10.71","66.98","23.99","173.72","247.85"
"73","2006","5","Karnataka","Bellary","77.84","2.25","54.25","8.33","62.58","25.22","167.89","253.35"
"73","2007","5","Karnataka","Bellary","78.15","2.93","63.25","5.48","68.73","36.26","186.07","278.39"
"73","2008","5","Karnataka","Bellary","83.69","2.34","64.73","5.1","69.83","35.85","191.71","281.26"
"73","2009","5","Karnataka","Bellary","84.16","2.67","61.61","7.62","69.23","32.3","188.36","273.3"
"73","2010","5","Karnataka","Bellary","91.68","2.5","55.0","5.33","60.33","39.68","194.2","279.28"
"73","2011","5","Karnataka","Bellary","90.77","1.45","63.72","0.0","63.72","37.5","193.44","288.54"
"73","2012","5","Karnataka","Bellary","93.09","1.64","65.76","2.95","68.71","49.7","213.14","297.14"
"73","2013","5","Karnataka","Bellary","90.65","2.06","66.43","3.44","69.87","43.6","206.17","288.88"
"73","2014","5","Karnataka","Bellary","92.42","2.03","65.95","3.25","69.2","44.86","208.5","290.63"
"73","2015","5","Karnataka","Bellary","77.61","2.22","75.2","3.04","78.24","41.45","199.52","260.88"
"73","2016","5","Karnataka","Bellary","82.66","1.1","85.82","6.91","92.72","38.55","215.03","239.0"
"73","2017","5","Karnataka","Bellary","101.74","1.14","66.9","2.93","69.82","40.34","213.03","256.37"
"74","1966","5","Karnataka","Dharwad","7.4","46.2","0.0","3.4","3.4","3.5","60.5","60.5"
"74","1967","5","Karnataka","Dharwad","7.4","45.4","0.0","2.66","2.66","3.7","59.1","59.1"
"74","1968","5","Karnataka","Dharwad","6.7","47.0","0.0","9.43","9.43","4.0","67.1","67.3"
"74","1969","5","Karnataka","Dharwad","6.6","42.2","0.0","6.78","6.78","4.5","60.2","60.9"
"74","1970","5","Karnataka","Dharwad","6.6","46.8","0.0","7.66","7.66","10.0","71.9","72.4"
"74","1971","5","Karnataka","Dharwad","6.6","46.8","8.02","12.93","20.95","4.1","78.4","78.6"
"74","1972","5","Karnataka","Dharwad","6.6","47.7","0.0","8.18","8.18","4.4","66.9","68.1"
"74","1973","5","Karnataka","Dharwad","11.5","40.4","0.01","7.84","7.85","10.2","70.0","71.0"
"74","1974","5","Karnataka","Dharwad","13.7","47.6","0.01","8.01","8.02","4.7","74.5","74.5"
"74","1975","5","Karnataka","Dharwad","10.6","48.3","0.01","8.09","8.1","10.9","77.9","94.1"
"74","1976","5","Karnataka","Dharwad","17.1","25.4","0.05","8.36","8.41","8.2","59.2","66.4"
"74","1977","5","Karnataka","Dharwad","26.2","29.7","0.05","9.51","9.56","6.9","72.4","77.3"
"74","1978","5","Karnataka","Dharwad","31.5","38.7","0.14","11.98","12.12","5.3","87.7","89.3"
"74","1979","5","Karnataka","Dharwad","33.0","44.0","0.15","9.29","9.44","6.0","92.0","97.0"
"74","1980","5","Karnataka","Dharwad","32.8","44.6","0.23","6.01","6.24","5.7","89.0","102.0"
"74","1981","5","Karnataka","Dharwad","32.8","36.0","0.27","12.32","12.59","9.2","91.0","95.0"
"74","1982","5","Karnataka","Dharwad","33.4","32.7","2.67","14.11","16.78","16.1","99.9","122.3"
"74","1983","5","Karnataka","Dharwad","40.4","32.1","1.36","11.51","12.87","11.0","96.3","104.0"
"74","1984","5","Karnataka","Dharwad","33.3","32.7","0.67","9.74","10.41","10.3","86.8","96.8"
"74","1985","5","Karnataka","Dharwad","40.5","11.8","7.27","12.56","19.83","12.5","84.7","99.8"
"74","1986","5","Karnataka","Dharwad","44.3","15.6","10.16","13.26","23.42","20.3","103.6","122.5"
"74","1987","5","Karnataka","Dharwad","39.8","10.4","16.05","15.16","31.21","24.3","105.6","123.4"
"74","1988","5","Karnataka","Dharwad","44.0","27.6","19.88","16.48","36.36","17.7","125.8","163.2"
"74","1989","5","Karnataka","Dharwad","54.7","22.4","25.4","18.32","43.72","28.8","150.1","164.1"
"74","1990","5","Karnataka","Dharwad","56.3","16.15","27.87","18.5","46.37","25.46","144.28","156.83"
"74","1991","5","Karnataka","Dharwad","59.54","23.59","38.99","18.13","57.12","22.06","162.3","178.08"
"74","1992","5","Karnataka","Dharwad","62.72","26.73","41.79","15.64","57.43","23.29","170.16","187.52"
"74","1993","5","Karnataka","Dharwad","61.06","29.11","46.31","15.81","62.12","25.41","177.7","198.88"
"74","1994","5","Karnataka","Dharwad","67.52","36.85","62.68","16.52","79.2","23.5","207.07","221.4"
"74","1995","5","Karnataka","Dharwad","63.3","24.39","50.22","26.47","76.69","8.11","172.49","192.05"
"74","1996","5","Karnataka","Dharwad","46.58","21.13","47.56","24.84","72.41","6.02","146.13","163.32"
"74","1997","5","Karnataka","Dharwad","58.37","21.27","49.57","11.52","61.09","28.0","169.55","205.49"
"74","1998","5","Karnataka","Dharwad","62.88","18.66","54.9","14.05","68.95","28.62","179.11","207.63"
"74","1999","5","Karnataka","Dharwad","64.06","19.84","57.93","12.62","70.57","28.98","183.43","208.58"
"74","2000","5","Karnataka","Dharwad","68.0","18.5","65.2","9.2","74.4","28.9","189.8","214.9"
"74","2001","5","Karnataka","Dharwad","43.65","9.42","58.47","9.4","67.88","14.15","137.43","153.02"
"74","2002","5","Karnataka","Dharwad","41.09","12.36","68.46","3.67","72.11","12.66","140.06","161.95"
"74","2003","5","Karnataka","Dharwad","45.33","11.89","64.64","3.5","68.12","24.51","150.9","171.16"
"74","2004","5","Karnataka","Dharwad","63.49","12.8","73.05","2.2","75.24","31.16","182.68","205.75"
"74","2005","5","Karnataka","Dharwad","60.29","9.6","84.52","1.8","86.32","30.19","186.39","222.99"
"74","2006","5","Karnataka","Dharwad","58.08","7.49","82.94","0.75","83.68","29.85","183.41","213.7"
"74","2007","5","Karnataka","Dharwad","46.27","11.05","85.61","1.32","86.93","41.17","186.47","234.22"
"74","2008","5","Karnataka","Dharwad","59.51","3.26","95.61","0.89","96.5","31.71","192.1","229.69"
"74","2009","5","Karnataka","Dharwad","71.66","10.55","101.83","2.01","103.85","49.53","236.03","279.81"
"74","2010","5","Karnataka","Dharwad","75.34","11.8","103.16","2.22","105.38","45.04","237.54","283.96"
"74","2011","5","Karnataka","Dharwad","71.82","14.25","106.65","0.0","106.65","41.59","234.31","295.89"
"74","2012","5","Karnataka","Dharwad","65.03","7.87","110.2","0.77","110.96","33.02","216.88","247.2"
"74","2013","5","Karnataka","Dharwad","87.69","10.7","117.68","0.4","118.08","39.38","255.85","284.49"
"74","2014","5","Karnataka","Dharwad","50.41","10.77","133.7","0.37","134.08","37.32","232.56","280.39"
"74","2015","5","Karnataka","Dharwad","51.45","9.88","125.5","0.39","125.9","32.82","220.05","270.07"
"74","2016","5","Karnataka","Dharwad","56.76","0.0","134.94","0.43","135.37","29.45","221.58","257.5"
"74","2017","5","Karnataka","Dharwad","39.67","1.38","146.09","0.46","146.54","34.15","221.74","254.02"
"75","1966","5","Karnataka","Belgaum","24.2","6.3","0.0","32.29","32.29","2.7","65.5","70.9"
"75","1967","5","Karnataka","Belgaum","21.1","6.0","0.0","41.91","41.91","3.7","72.7","79.8"
"75","1968","5","Karnataka","Belgaum","29.0","6.4","0.0","62.91","62.91","15.6","113.9","117.5"
"75","1969","5","Karnataka","Belgaum","31.1","9.0","0.0","44.16","44.16","11.1","95.4","104.2"
"75","1970","5","Karnataka","Belgaum","34.7","8.8","0.0","42.68","42.68","32.6","119.2","123.7"
"75","1971","5","Karnataka","Belgaum","34.7","8.8","0.0","63.72","63.72","13.5","120.8","126.1"
"75","1972","5","Karnataka","Belgaum","31.2","9.2","0.0","37.7","37.7","12.2","90.3","94.9"
"75","1973","5","Karnataka","Belgaum","40.7","9.3","0.0","39.49","39.49","17.2","106.8","110.0"
"75","1974","5","Karnataka","Belgaum","46.0","10.9","0.01","43.47","43.48","17.8","118.4","118.4"
"75","1975","5","Karnataka","Belgaum","43.0","12.3","0.01","58.23","58.24","20.4","133.9","143.8"
"75","1976","5","Karnataka","Belgaum","45.3","9.4","0.01","56.33","56.34","23.1","134.2","143.0"
"75","1977","5","Karnataka","Belgaum","47.6","9.7","0.0","56.08","56.08","21.9","135.2","145.3"
"75","1978","5","Karnataka","Belgaum","55.1","9.1","0.0","58.67","58.67","21.9","144.8","154.0"
"75","1979","5","Karnataka","Belgaum","55.0","8.0","0.0","60.75","60.75","27.0","151.0","161.0"
"75","1980","5","Karnataka","Belgaum","55.5","7.6","0.0","60.79","60.79","39.1","163.0","174.0"
"75","1981","5","Karnataka","Belgaum","64.8","8.2","0.0","68.3","68.3","38.5","180.0","193.0"
"75","1982","5","Karnataka","Belgaum","68.0","8.9","1.08","77.85","58.93","43.0","199.4","242.9"
"75","1983","5","Karnataka","Belgaum","70.2","8.7","0.42","65.75","66.17","40.6","185.6","208.1"
"75","1984","5","Karnataka","Belgaum","68.0","6.9","0.14","63.5","63.64","39.8","178.3","192.2"
"75","1985","5","Karnataka","Belgaum","87.6","5.6","5.02","61.69","66.71","59.0","218.9","248.4"
"75","1986","5","Karnataka","Belgaum","83.4","5.8","7.62","57.42","65.04","59.1","213.3","255.0"
"75","1987","5","Karnataka","Belgaum","63.8","3.3","14.18","65.63","79.81","65.9","212.8","261.3"
"75","1988","5","Karnataka","Belgaum","68.7","3.9","17.95","77.85","95.8","78.1","247.1","305.2"
"75","1989","5","Karnataka","Belgaum","81.0","4.5","23.18","69.1","92.28","84.7","263.2","323.8"
"75","1990","5","Karnataka","Belgaum","80.5","3.8","28.23","68.63","96.86","83.8","265.0","318.9"
"75","1991","5","Karnataka","Belgaum","78.1","4.2","29.81","70.87","100.68","84.6","267.6","329.2"
"75","1992","5","Karnataka","Belgaum","81.3","4.5","30.62","65.33","95.95","79.7","261.4","323.5"
"75","1993","5","Karnataka","Belgaum","87.7","5.6","34.89","64.33","99.22","89.8","282.3","347.4"
"75","1994","5","Karnataka","Belgaum","82.5","5.0","37.49","64.48","101.97","95.9","285.3","356.0"
"75","1995","5","Karnataka","Belgaum","84.51","8.25","40.47","99.03","139.5","55.61","287.86","347.18"
"75","1996","5","Karnataka","Belgaum","89.79","5.44","41.13","116.79","157.92","58.16","311.3","370.63"
"75","1997","5","Karnataka","Belgaum","65.98","7.38","40.59","137.14","177.73","64.56","315.81","380.35"
"75","1998","5","Karnataka","Belgaum","67.74","6.56","51.44","102.39","153.83","98.09","326.23","383.55"
"75","1999","5","Karnataka","Belgaum","102.9","4.3","58.45","95.21","153.66","85.98","346.84","405.74"
"75","2000","5","Karnataka","Belgaum","108.8","4.1","69.0","94.4","163.4","118.9","395.2","444.2"
"75","2001","5","Karnataka","Belgaum","96.91","4.0","61.95","75.24","137.19","100.51","338.61","373.86"
"75","2002","5","Karnataka","Belgaum","41.95","1.11","83.03","117.36","200.39","82.03","325.48","363.17"
"75","2003","5","Karnataka","Belgaum","32.87","0.38","65.31","94.62","159.93","104.65","297.83","332.11"
"75","2004","5","Karnataka","Belgaum","63.17","2.21","76.8","109.32","186.12","120.99","372.5","429.15"
"75","2005","5","Karnataka","Belgaum","62.48","2.36","97.7","111.08","208.78","125.4","399.02","452.19"
"75","2006","5","Karnataka","Belgaum","86.52","2.21","103.8","115.77","219.57","122.9","431.2","472.54"
"75","2007","5","Karnataka","Belgaum","91.04","2.36","108.06","114.36","222.42","123.99","439.81","487.16"
"75","2008","5","Karnataka","Belgaum","98.36","2.1","128.17","118.86","247.03","122.29","469.78","519.16"
"75","2009","5","Karnataka","Belgaum","101.34","1.66","137.21","119.73","256.94","99.96","459.9","521.27"
"75","2010","5","Karnataka","Belgaum","105.02","0.7","143.61","135.01","278.62","100.71","485.04","575.48"
"75","2011","5","Karnataka","Belgaum","78.37","0.51","299.64","0.0","299.64","72.19","450.7","523.13"
"75","2012","5","Karnataka","Belgaum","74.27","0.34","177.48","144.43","321.91","90.95","487.47","545.22"
"75","2013","5","Karnataka","Belgaum","77.67","0.31","167.68","148.28","315.96","99.37","493.31","560.13"
"75","2014","5","Karnataka","Belgaum","68.67","0.31","149.17","142.28","291.45","147.33","507.76","589.51"
"75","2015","5","Karnataka","Belgaum","59.91","0.31","139.71","137.33","277.04","88.5","425.75","519.1"
"75","2016","5","Karnataka","Belgaum","58.2","0.31","139.18","131.69","270.87","108.22","437.6","531.59"
"75","2017","5","Karnataka","Belgaum","59.79","0.31","117.38","114.33","231.72","86.48","378.29","469.71"
"76","1966","5","Karnataka","Bijapur / Vijayapura","6.4","3.0","0.0","36.02","36.02","0.2","45.6","45.6"
"76","1967","5","Karnataka","Bijapur / Vijayapura","9.3","2.8","0.0","28.39","28.39","0.3","40.8","41.9"
"76","1968","5","Karnataka","Bijapur / Vijayapura","9.1","4.8","0.0","31.46","31.46","1.2","46.5","50.1"
"76","1969","5","Karnataka","Bijapur / Vijayapura","9.0","5.7","0.0","33.4","33.4","1.1","49.2","54.6"
"76","1970","5","Karnataka","Bijapur / Vijayapura","7.9","5.5","0.0","36.87","36.87","15.9","66.3","72.2"
"76","1971","5","Karnataka","Bijapur / Vijayapura","7.9","5.5","0.0","70.02","70.02","0.9","84.4","91.9"
"76","1972","5","Karnataka","Bijapur / Vijayapura","11.2","2.7","0.0","26.21","26.21","0.7","40.9","45.9"
"76","1973","5","Karnataka","Bijapur / Vijayapura","11.7","5.0","0.0","39.32","39.32","1.0","57.1","66.3"
"76","1974","5","Karnataka","Bijapur / Vijayapura","12.5","8.4","0.0","43.24","43.24","14.7","79.1","79.1"
"76","1975","5","Karnataka","Bijapur / Vijayapura","19.6","9.9","0.0","56.13","56.13","6.2","91.9","109.0"
"76","1976","5","Karnataka","Bijapur / Vijayapura","28.4","5.8","0.0","51.66","51.66","6.3","92.1","107.2"
"76","1977","5","Karnataka","Bijapur / Vijayapura","32.8","7.8","0.0","55.74","55.74","7.5","103.8","120.2"
"76","1978","5","Karnataka","Bijapur / Vijayapura","34.8","8.6","0.0","65.25","65.25","7.5","116.0","131.8"
"76","1979","5","Karnataka","Bijapur / Vijayapura","19.0","6.0","0.03","65.29","65.32","12.0","102.0","119.0"
"76","1980","5","Karnataka","Bijapur / Vijayapura","19.3","5.8","0.02","66.1","66.12","11.6","101.0","125.0"
"76","1981","5","Karnataka","Bijapur / Vijayapura","23.8","7.1","0.01","75.41","75.42","20.9","127.0","149.0"
"76","1982","5","Karnataka","Bijapur / Vijayapura","30.0","5.7","0.03","88.5","88.53","41.5","166.7","190.5"
"76","1983","5","Karnataka","Bijapur / Vijayapura","45.6","7.0","0.01","77.87","77.88","23.9","154.3","182.4"
"76","1984","5","Karnataka","Bijapur / Vijayapura","30.0","5.7","0.01","75.71","75.72","23.0","134.4","157.6"
"76","1985","5","Karnataka","Bijapur / Vijayapura","48.2","5.4","0.14","79.64","79.78","30.6","164.0","184.7"
"76","1986","5","Karnataka","Bijapur / Vijayapura","61.0","5.9","0.34","85.16","85.5","37.8","190.3","214.5"
"76","1987","5","Karnataka","Bijapur / Vijayapura","37.5","8.0","0.39","93.82","94.21","51.2","191.3","222.3"
"76","1988","5","Karnataka","Bijapur / Vijayapura","63.7","10.1","1.15","102.81","103.96","51.5","230.0","267.2"
"76","1989","5","Karnataka","Bijapur / Vijayapura","59.3","10.1","3.02","108.82","111.84","58.6","240.7","277.6"
"76","1990","5","Karnataka","Bijapur / Vijayapura","67.8","9.78","4.2","112.17","116.37","64.55","258.51","305.05"
"76","1991","5","Karnataka","Bijapur / Vijayapura","71.86","10.03","5.52","127.63","133.15","72.93","287.98","330.11"
"76","1992","5","Karnataka","Bijapur / Vijayapura","72.54","9.0","7.91","104.58","112.49","76.86","270.89","309.14"
"76","1993","5","Karnataka","Bijapur / Vijayapura","69.28","9.36","12.53","121.17","133.7","96.03","308.36","345.6"
"76","1994","5","Karnataka","Bijapur / Vijayapura","71.34","7.41","14.81","116.27","131.08","85.04","294.86","333.32"
"76","1995","5","Karnataka","Bijapur / Vijayapura","71.12","7.06","18.77","109.14","127.91","75.5","281.59","317.9"
"76","1996","5","Karnataka","Bijapur / Vijayapura","67.0","7.15","23.37","114.16","137.53","78.06","289.75","330.59"
"76","1997","5","Karnataka","Bijapur / Vijayapura","65.48","5.4","19.77","110.01","129.78","85.06","285.8","327.5"
"76","1998","5","Karnataka","Bijapur / Vijayapura","59.3","9.23","33.5","111.85","145.35","96.97","310.85","356.19"
"76","1999","5","Karnataka","Bijapur / Vijayapura","66.76","7.22","30.53","120.41","150.93","98.61","323.51","369.53"
"76","2000","5","Karnataka","Bijapur / Vijayapura","63.4","5.7","40.0","125.7","165.7","109.1","343.9","381.5"
"76","2001","5","Karnataka","Bijapur / Vijayapura","57.49","5.79","53.32","119.07","172.39","89.54","325.64","344.69"
"76","2002","5","Karnataka","Bijapur / Vijayapura","38.77","3.89","72.86","105.02","177.88","87.84","310.08","324.7"
"76","2003","5","Karnataka","Bijapur / Vijayapura","39.1","0.16","81.49","79.13","160.62","84.56","286.18","299.34"
"76","2004","5","Karnataka","Bijapur / Vijayapura","76.41","2.81","115.29","106.59","221.87","110.73","411.81","461.37"
"76","2005","5","Karnataka","Bijapur / Vijayapura","143.59","4.0","126.23","72.29","198.52","103.47","449.58","495.27"
"76","2006","5","Karnataka","Bijapur / Vijayapura","146.47","3.9","123.55","67.71","191.26","107.62","451.83","535.24"
"76","2007","5","Karnataka","Bijapur / Vijayapura","120.14","4.87","155.52","118.73","274.24","104.8","506.98","593.07"
"76","2008","5","Karnataka","Bijapur / Vijayapura","122.22","2.83","164.72","100.21","264.93","121.1","513.79","605.53"
"76","2009","5","Karnataka","Bijapur / Vijayapura","142.22","4.36","172.44","107.52","279.96","123.55","553.01","649.84"
"76","2010","5","Karnataka","Bijapur / Vijayapura","161.79","2.81","183.3","108.77","292.07","134.51","591.18","679.36"
"76","2011","5","Karnataka","Bijapur / Vijayapura","169.48","1.5","272.7","0.0","272.7","133.21","576.88","653.02"
"76","2012","5","Karnataka","Bijapur / Vijayapura","136.71","0.04","188.14","86.27","274.41","135.07","546.22","611.74"
"76","2013","5","Karnataka","Bijapur / Vijayapura","167.44","0.24","193.97","89.25","283.23","129.53","580.44","648.06"
"76","2014","5","Karnataka","Bijapur / Vijayapura","170.86","1.51","204.87","76.06","280.92","131.75","585.03","652.87"
"76","2015","5","Karnataka","Bijapur / Vijayapura","89.45","0.14","231.02","77.91","308.93","117.19","515.69","561.33"
"76","2016","5","Karnataka","Bijapur / Vijayapura","128.41","0.0","212.1","54.02","266.12","101.78","496.31","561.54"
"76","2017","5","Karnataka","Bijapur / Vijayapura","161.41","0.95","227.06","36.49","263.55","108.26","534.16","607.22"
"77","1966","5","Karnataka","Bidar","0.0","2.0","0.0","8.98","8.98","1.0","11.9","11.9"
"77","1967","5","Karnataka","Bidar","0.0","0.9","0.0","8.77","8.77","0.6","10.2","11.0"
"77","1968","5","Karnataka","Bidar","0.0","0.9","0.0","9.7","9.7","0.7","11.3","11.5"
"77","1969","5","Karnataka","Bidar","0.0","1.0","0.0","10.09","10.09","0.7","11.8","11.9"
"77","1970","5","Karnataka","Bidar","0.0","1.0","0.0","9.49","9.49","5.7","16.7","17.8"
"77","1971","5","Karnataka","Bidar","0.0","1.0","0.0","19.28","19.28","0.7","21.0","21.0"
"77","1972","5","Karnataka","Bidar","0.0","0.9","0.0","8.22","8.22","0.6","9.7","9.7"
"77","1973","5","Karnataka","Bidar","0.0","1.0","0.0","11.35","11.35","0.4","12.8","12.8"
"77","1974","5","Karnataka","Bidar","0.0","1.3","0.0","13.46","13.46","0.4","16.0","16.0"
"77","1975","5","Karnataka","Bidar","0.0","2.2","0.0","17.14","17.14","0.6","19.8","22.8"
"77","1976","5","Karnataka","Bidar","0.0","2.2","0.0","17.89","17.89","0.6","20.6","24.9"
"77","1977","5","Karnataka","Bidar","0.0","1.2","0.0","20.95","20.95","0.5","22.6","24.5"
"77","1978","5","Karnataka","Bidar","0.2","1.5","0.0","21.6","21.6","0.4","23.7","25.9"
"77","1979","5","Karnataka","Bidar","0.0","1.0","0.0","22.11","22.11","1.0","24.0","26.0"
"77","1980","5","Karnataka","Bidar","0.0","1.5","0.0","22.89","22.89","0.8","25.0","28.0"
"77","1981","5","Karnataka","Bidar","0.0","1.6","0.0","24.33","24.33","1.3","27.0","31.0"
"77","1982","5","Karnataka","Bidar","0.0","1.7","0.06","25.35","25.41","1.0","27.5","31.8"
"77","1983","5","Karnataka","Bidar","0.0","2.0","0.01","24.39","24.4","1.1","27.4","31.6"
"77","1984","5","Karnataka","Bidar","0.0","1.7","0.0","25.84","25.84","1.3","28.9","31.7"
"77","1985","5","Karnataka","Bidar","0.0","0.8","0.1","26.63","26.73","0.5","28.0","31.3"
"77","1986","5","Karnataka","Bidar","0.2","0.5","0.34","27.82","28.16","0.4","29.3","32.1"
"77","1987","5","Karnataka","Bidar","0.2","0.9","0.39","25.09","25.48","0.5","27.1","29.6"
"77","1988","5","Karnataka","Bidar","0.3","1.2","0.78","31.07","31.85","0.3","34.1","38.3"
"77","1989","5","Karnataka","Bidar","0.3","1.9","0.76","32.32","33.08","0.2","36.8","42.3"
"77","1990","5","Karnataka","Bidar","0.3","2.2","0.87","38.47","39.34","1.5","43.4","49.5"
"77","1991","5","Karnataka","Bidar","0.2","1.9","1.07","36.07","37.14","1.4","40.6","44.7"
"77","1992","5","Karnataka","Bidar","0.0","1.2","3.14","29.75","32.89","1.0","35.0","37.8"
"77","1993","5","Karnataka","Bidar","0.1","0.9","4.0","26.89","30.89","1.0","33.0","35.4"
"77","1994","5","Karnataka","Bidar","0.0","0.1","6.52","20.68","27.2","0.9","28.1","30.0"
"77","1995","5","Karnataka","Bidar","0.34","1.02","7.64","25.77","33.41","0.79","35.56","36.39"
"77","1996","5","Karnataka","Bidar","0.4","1.49","8.3","25.7","33.99","1.35","37.2","39.27"
"77","1997","5","Karnataka","Bidar","0.21","0.89","11.78","18.76","30.54","0.86","33.03","34.46"
"77","1998","5","Karnataka","Bidar","0.11","1.11","11.33","23.41","34.74","1.19","37.16","38.88"
"77","1999","5","Karnataka","Bidar","0.08","0.83","9.66","25.89","35.55","1.58","38.04","40.97"
"77","2000","5","Karnataka","Bidar","0.1","1.0","11.9","32.4","44.3","1.8","47.2","48.8"
"77","2001","5","Karnataka","Bidar","0.08","1.04","11.96","31.68","43.64","1.77","46.53","48.74"
"77","2002","5","Karnataka","Bidar","0.07","1.03","14.9","29.92","44.82","1.78","47.7","71.01"
"77","2003","5","Karnataka","Bidar","0.05","0.69","11.89","26.63","38.52","1.24","40.5","60.22"
"77","2004","5","Karnataka","Bidar","0.09","0.67","11.92","25.86","37.78","1.14","39.68","41.26"
"77","2005","5","Karnataka","Bidar","0.62","0.85","13.46","23.99","37.45","1.11","40.03","42.25"
"77","2006","5","Karnataka","Bidar","0.98","1.28","17.15","26.79","43.94","1.0","47.2","48.54"
"77","2007","5","Karnataka","Bidar","1.17","0.97","18.36","24.89","43.25","1.03","46.42","49.12"
"77","2008","5","Karnataka","Bidar","1.97","0.92","18.17","25.9","44.07","1.06","48.02","51.2"
"77","2009","5","Karnataka","Bidar","4.31","1.04","18.41","23.65","42.06","1.7","49.1","52.61"
"77","2010","5","Karnataka","Bidar","4.16","1.06","25.7","22.32","48.02","1.43","54.68","58.63"
"77","2011","5","Karnataka","Bidar","6.8","0.95","49.36","0.0","49.36","1.94","59.05","66.25"
"77","2012","5","Karnataka","Bidar","1.12","0.56","26.52","20.0","46.52","1.06","49.26","59.32"
"77","2013","5","Karnataka","Bidar","1.14","0.51","27.1","21.55","48.65","0.74","51.04","60.0"
"77","2014","5","Karnataka","Bidar","0.04","0.0","21.92","17.48","39.4","0.18","39.61","44.36"
"77","2015","5","Karnataka","Bidar","0.0","0.0","19.91","17.38","37.28","0.32","37.6","45.24"
"77","2016","5","Karnataka","Bidar","0.66","0.37","21.57","11.87","33.44","0.24","34.71","38.58"
"77","2017","5","Karnataka","Bidar","0.67","0.22","18.67","9.54","28.21","0.16","29.27","34.71"
"78","1966","5","Karnataka","Raichur","112.0","6.4","0.0","2.68","2.68","0.5","121.7","135.4"
"78","1967","5","Karnataka","Raichur","121.0","6.5","0.0","2.75","2.75","0.3","130.5","151.7"
"78","1968","5","Karnataka","Raichur","122.7","4.5","0.0","9.46","9.46","0.2","137.0","158.7"
"78","1969","5","Karnataka","Raichur","122.7","2.5","0.0","9.46","9.46","0.6","135.5","164.5"
"78","1970","5","Karnataka","Raichur","122.7","3.7","0.02","9.46","9.48","0.4","139.0","169.3"
"78","1971","5","Karnataka","Raichur","122.7","3.7","0.02","12.57","12.59","0.4","139.5","154.6"
"78","1972","5","Karnataka","Raichur","104.7","1.8","0.03","6.61","6.64","0.1","113.3","125.8"
"78","1973","5","Karnataka","Raichur","109.7","1.7","0.03","7.26","7.29","0.1","118.8","141.7"
"78","1974","5","Karnataka","Raichur","156.1","1.7","0.04","14.06","14.1","0.2","172.4","174.4"
"78","1975","5","Karnataka","Raichur","102.4","4.8","0.04","12.73","12.77","0.7","120.7","172.2"
"78","1976","5","Karnataka","Raichur","108.8","4.1","0.04","11.63","11.67","0.7","125.2","173.4"
"78","1977","5","Karnataka","Raichur","107.1","4.3","0.04","13.81","13.85","0.5","125.8","165.6"
"78","1978","5","Karnataka","Raichur","110.6","4.3","0.04","13.59","13.63","0.6","129.1","170.9"
"78","1979","5","Karnataka","Raichur","85.0","4.0","0.07","11.67","11.74","1.0","102.0","143.0"
"78","1980","5","Karnataka","Raichur","84.7","4.5","0.25","5.11","5.36","0.9","95.0","146.0"
"78","1981","5","Karnataka","Raichur","91.2","3.2","0.27","9.42","9.69","2.3","106.0","158.0"
"78","1982","5","Karnataka","Raichur","99.0","2.4","0.88","16.87","17.75","2.4","121.7","215.0"
"78","1983","5","Karnataka","Raichur","111.3","2.9","0.4","10.1","10.5","2.8","127.5","192.4"
"78","1984","5","Karnataka","Raichur","99.0","2.4","0.29","8.1","8.39","3.4","113.1","173.7"
"78","1985","5","Karnataka","Raichur","123.0","2.3","0.92","17.43","18.35","7.0","150.6","218.1"
"78","1986","5","Karnataka","Raichur","162.3","2.3","0.92","21.37","22.29","5.3","192.2","272.4"
"78","1987","5","Karnataka","Raichur","151.5","2.7","1.27","22.38","23.65","6.6","184.4","265.9"
"78","1988","5","Karnataka","Raichur","155.8","2.9","1.7","22.05","23.75","1.4","184.3","280.5"
"78","1989","5","Karnataka","Raichur","142.4","5.2","1.52","22.64","24.16","3.4","175.7","260.1"
"78","1990","5","Karnataka","Raichur","153.11","5.2","2.29","29.45","31.74","9.18","199.23","280.64"
"78","1991","5","Karnataka","Raichur","179.86","6.2","7.54","32.55","40.09","9.86","236.02","329.17"
"78","1992","5","Karnataka","Raichur","161.95","3.5","9.21","35.77","44.98","6.16","216.58","311.27"
"78","1993","5","Karnataka","Raichur","186.76","5.09","7.25","35.24","42.49","7.93","242.26","338.42"
"78","1994","5","Karnataka","Raichur","172.45","7.57","9.22","38.19","47.41","8.84","236.27","325.53"
"78","1995","5","Karnataka","Raichur","174.63","4.3","8.39","36.75","45.14","4.68","228.74","320.7"
"78","1996","5","Karnataka","Raichur","170.89","5.16","9.35","48.11","57.46","3.65","237.16","321.98"
"78","1997","5","Karnataka","Raichur","164.85","4.74","12.09","37.85","49.94","3.43","223.28","306.78"
"78","1998","5","Karnataka","Raichur","166.22","4.5","6.7","35.53","42.25","10.2","223.16","333.27"
"78","1999","5","Karnataka","Raichur","178.4","7.7","15.89","40.52","56.41","9.03","251.53","368.4"
"78","2000","5","Karnataka","Raichur","163.3","5.4","13.2","36.2","49.4","7.8","225.9","352.5"
"78","2001","5","Karnataka","Raichur","131.92","4.24","26.17","52.72","78.91","5.83","223.66","345.29"
"78","2002","5","Karnataka","Raichur","132.78","3.6","37.42","21.24","58.66","5.31","200.66","264.65"
"78","2003","5","Karnataka","Raichur","132.07","1.62","58.95","32.45","91.39","7.56","233.03","253.03"
"78","2004","5","Karnataka","Raichur","177.95","1.74","70.1","27.44","97.54","12.93","290.15","363.2"
"78","2005","5","Karnataka","Raichur","178.35","3.01","61.3","18.5","79.8","7.59","269.21","429.67"
"78","2006","5","Karnataka","Raichur","167.36","2.54","39.51","14.74","54.25","7.94","231.87","381.89"
"78","2007","5","Karnataka","Raichur","163.89","3.22","84.39","19.39","103.78","15.32","286.21","426.78"
"78","2008","5","Karnataka","Raichur","186.56","3.44","87.63","16.0","103.62","12.5","306.12","446.12"
"78","2009","5","Karnataka","Raichur","187.61","2.4","97.2","11.13","108.33","8.85","307.19","453.82"
"78","2010","5","Karnataka","Raichur","183.35","2.14","90.0","9.6","99.6","7.95","293.04","436.3"
"78","2011","5","Karnataka","Raichur","224.41","1.45","86.86","0.0","86.86","6.07","318.79","413.54"
"78","2012","5","Karnataka","Raichur","243.26","1.14","87.25","11.37","98.62","8.2","351.22","448.12"
"78","2013","5","Karnataka","Raichur","265.06","0.28","103.49","9.44","112.92","9.49","387.76","468.94"
"78","2014","5","Karnataka","Raichur","227.48","0.42","130.82","0.49","131.31","10.46","369.66","439.8"
"78","2015","5","Karnataka","Raichur","149.25","0.83","109.12","14.17","123.29","18.62","291.98","327.32"
"78","2016","5","Karnataka","Raichur","182.41","0.21","79.1","14.14","93.24","6.51","282.37","315.4"
"78","2017","5","Karnataka","Raichur","193.97","0.01","90.75","5.32","96.07","11.22","301.27","342.38"
"79","1966","5","Karnataka","Gulbarga / Kalaburagi","0.5","6.1","0.0","9.05","9.05","1.0","16.6","16.6"
"79","1967","5","Karnataka","Gulbarga / Kalaburagi","0.0","5.4","0.0","13.22","13.22","2.2","20.8","23.0"
"79","1968","5","Karnataka","Gulbarga / Kalaburagi","0.6","5.2","0.0","13.84","13.84","2.8","22.5","25.3"
"79","1969","5","Karnataka","Gulbarga / Kalaburagi","0.6","5.7","0.0","11.75","11.75","3.4","21.5","25.6"
"79","1970","5","Karnataka","Gulbarga / Kalaburagi","1.0","6.1","0.0","13.83","13.83","7.1","28.9","33.3"
"79","1971","5","Karnataka","Gulbarga / Kalaburagi","1.5","6.1","0.0","13.45","13.45","2.1","23.1","29.9"
"79","1972","5","Karnataka","Gulbarga / Kalaburagi","0.4","0.7","0.0","6.47","6.47","0.1","7.8","8.6"
"79","1973","5","Karnataka","Gulbarga / Kalaburagi","1.9","7.4","0.0","9.33","9.33","0.3","18.9","20.0"
"79","1974","5","Karnataka","Gulbarga / Kalaburagi","2.6","8.0","0.0","15.53","15.53","2.1","28.6","28.6"
"79","1975","5","Karnataka","Gulbarga / Kalaburagi","2.7","8.1","0.0","15.91","15.91","2.3","29.1","32.4"
"79","1976","5","Karnataka","Gulbarga / Kalaburagi","2.4","7.7","0.0","16.98","16.98","2.3","29.4","32.8"
"79","1977","5","Karnataka","Gulbarga / Kalaburagi","2.9","8.4","0.0","20.25","20.25","2.3","33.7","36.8"
"79","1978","5","Karnataka","Gulbarga / Kalaburagi","2.5","6.1","0.0","17.13","17.13","1.6","27.3","34.4"
"79","1979","5","Karnataka","Gulbarga / Kalaburagi","3.0","6.0","0.0","16.18","16.18","1.0","26.0","29.0"
"79","1980","5","Karnataka","Gulbarga / Kalaburagi","2.8","5.7","0.0","15.48","15.48","1.5","27.0","29.0"
"79","1981","5","Karnataka","Gulbarga / Kalaburagi","3.0","5.3","0.0","17.06","17.06","1.3","27.0","29.0"
"79","1982","5","Karnataka","Gulbarga / Kalaburagi","2.8","5.6","0.27","20.94","21.21","4.0","33.7","36.5"
"79","1983","5","Karnataka","Gulbarga / Kalaburagi","3.5","5.9","0.0","19.96","19.96","1.9","31.2","34.6"
"79","1984","5","Karnataka","Gulbarga / Kalaburagi","2.8","5.6","0.0","18.95","18.95","1.4","28.7","31.1"
"79","1985","5","Karnataka","Gulbarga / Kalaburagi","16.6","2.9","0.16","19.51","19.67","3.0","42.1","44.4"
"79","1986","5","Karnataka","Gulbarga / Kalaburagi","20.9","3.1","0.11","20.69","20.8","1.7","46.5","56.0"
"79","1987","5","Karnataka","Gulbarga / Kalaburagi","53.5","8.3","0.26","26.04","26.3","1.6","89.7","105.7"
"79","1988","5","Karnataka","Gulbarga / Kalaburagi","72.6","9.8","0.33","27.58","27.91","1.2","112.3","124.7"
"79","1989","5","Karnataka","Gulbarga / Kalaburagi","82.5","12.1","0.51","34.29","34.8","1.8","131.7","148.6"
"79","1990","5","Karnataka","Gulbarga / Kalaburagi","81.9","12.3","0.51","35.57","36.08","2.4","132.6","159.8"
"79","1991","5","Karnataka","Gulbarga / Kalaburagi","106.0","12.3","1.16","39.81","40.97","3.6","162.9","163.0"
"79","1992","5","Karnataka","Gulbarga / Kalaburagi","70.8","1.1","0.57","20.84","21.41","4.4","97.7","142.5"
"79","1993","5","Karnataka","Gulbarga / Kalaburagi","84.2","6.9","0.9","29.4","30.3","1.1","122.6","178.8"
"79","1994","5","Karnataka","Gulbarga / Kalaburagi","82.9","2.8","1.58","25.96","27.54","1.3","114.5","169.1"
"79","1995","5","Karnataka","Gulbarga / Kalaburagi","100.16","4.6","2.11","25.36","27.47","3.51","135.74","196.18"
"79","1996","5","Karnataka","Gulbarga / Kalaburagi","90.72","5.19","3.22","25.7","28.92","3.06","127.9","165.57"
"79","1997","5","Karnataka","Gulbarga / Kalaburagi","94.92","4.11","2.81","22.73","25.54","1.9","126.68","150.02"
"79","1998","5","Karnataka","Gulbarga / Kalaburagi","121.01","7.67","4.67","28.88","33.55","3.58","165.81","192.48"
"79","1999","5","Karnataka","Gulbarga / Kalaburagi","117.5","3.42","4.62","28.17","32.79","3.82","157.53","175.34"
"79","2000","5","Karnataka","Gulbarga / Kalaburagi","106.2","4.4","5.4","29.8","35.2","3.9","149.7","186.7"
"79","2001","5","Karnataka","Gulbarga / Kalaburagi","117.66","4.01","5.72","29.67","35.39","5.75","162.81","196.43"
"79","2002","5","Karnataka","Gulbarga / Kalaburagi","111.6","3.18","4.84","26.6","31.44","3.52","149.74","170.21"
"79","2003","5","Karnataka","Gulbarga / Kalaburagi","113.37","2.84","4.33","26.39","30.72","4.7","151.63","185.47"
"79","2004","5","Karnataka","Gulbarga / Kalaburagi","136.24","3.12","4.28","25.28","29.56","5.55","174.47","219.51"
"79","2005","5","Karnataka","Gulbarga / Kalaburagi","131.73","4.08","13.76","25.9","39.66","7.4","182.88","239.39"
"79","2006","5","Karnataka","Gulbarga / Kalaburagi","130.69","2.73","12.63","28.99","41.62","7.55","182.59","227.02"
"79","2007","5","Karnataka","Gulbarga / Kalaburagi","129.69","3.25","16.22","37.52","53.74","6.09","192.77","243.7"
"79","2008","5","Karnataka","Gulbarga / Kalaburagi","140.51","3.21","20.05","28.28","48.33","9.64","201.68","251.3"
"79","2009","5","Karnataka","Gulbarga / Kalaburagi","124.05","3.47","34.58","39.13","73.71","8.64","209.85","244.63"
"79","2010","5","Karnataka","Gulbarga / Kalaburagi","247.09","7.0","55.98","49.17","105.14","12.41","371.63","450.23"
"79","2011","5","Karnataka","Gulbarga / Kalaburagi","127.38","3.53","80.86","0.0","80.86","9.35","221.11","248.04"
"79","2012","5","Karnataka","Gulbarga / Kalaburagi","139.99","3.43","36.95","39.84","76.79","18.49","238.7","269.74"
"79","2013","5","Karnataka","Gulbarga / Kalaburagi","159.52","3.61","51.37","34.82","86.19","13.64","262.95","293.05"
"79","2014","5","Karnataka","Gulbarga / Kalaburagi","167.51","4.34","71.29","23.99","95.28","17.07","284.2","311.32"
"79","2015","5","Karnataka","Gulbarga / Kalaburagi","20.86","2.15","48.8","13.12","61.93","15.83","100.77","110.58"
"79","2016","5","Karnataka","Gulbarga / Kalaburagi","140.81","5.99","58.54","18.53","77.08","16.83","240.7","266.43"
"79","2017","5","Karnataka","Gulbarga / Kalaburagi","161.81","6.36","72.9","26.36","99.25","23.16","290.58","317.2"
"80","1966","5","Karnataka","Dakshina Kannada","0.1","5.8","0.0","9.91","9.91","58.7","74.5","88.5"
"80","1967","5","Karnataka","Dakshina Kannada","0.1","6.0","0.0","8.75","8.75","45.4","60.2","76.1"
"80","1968","5","Karnataka","Dakshina Kannada","2.7","6.2","0.0","26.15","26.15","47.8","82.8","91.9"
"80","1969","5","Karnataka","Dakshina Kannada","0.0","13.6","0.0","16.73","16.73","45.3","75.6","86.2"
"80","1970","5","Karnataka","Dakshina Kannada","0.0","10.1","0.0","12.56","12.56","45.4","68.9","128.9"
"80","1971","5","Karnataka","Dakshina Kannada","0.0","10.1","0.0","34.01","34.01","47.4","91.5","108.6"
"80","1972","5","Karnataka","Dakshina Kannada","0.0","10.1","0.0","20.37","20.37","47.3","77.8","91.0"
"80","1973","5","Karnataka","Dakshina Kannada","0.0","6.6","0.0","18.79","18.79","49.0","74.4","88.2"
"80","1974","5","Karnataka","Dakshina Kannada","0.0","8.5","0.0","17.87","17.87","60.4","87.6","87.6"
"80","1975","5","Karnataka","Dakshina Kannada","0.0","5.8","0.0","18.3","18.3","51.3","75.4","87.3"
"80","1976","5","Karnataka","Dakshina Kannada","0.0","5.9","0.0","18.19","18.19","52.1","76.2","91.4"
"80","1977","5","Karnataka","Dakshina Kannada","0.0","5.9","0.0","18.01","18.01","50.7","74.6","89.5"
"80","1978","5","Karnataka","Dakshina Kannada","0.1","5.9","0.0","17.41","17.41","49.3","72.7","86.2"
"80","1979","5","Karnataka","Dakshina Kannada","0.0","6.0","0.0","18.07","18.07","46.0","71.0","87.0"
"80","1980","5","Karnataka","Dakshina Kannada","0.0","5.9","0.0","17.49","17.49","46.4","71.0","88.0"
"80","1981","5","Karnataka","Dakshina Kannada","0.0","4.0","0.0","19.96","19.96","51.6","76.0","90.0"
"80","1982","5","Karnataka","Dakshina Kannada","0.0","4.0","0.0","24.98","24.98","55.5","85.4","100.0"
"80","1983","5","Karnataka","Dakshina Kannada","0.0","3.8","0.0","23.66","23.66","54.1","81.5","93.2"
"80","1984","5","Karnataka","Dakshina Kannada","0.0","4.0","0.0","23.67","23.67","51.5","79.2","92.1"
"80","1985","5","Karnataka","Dakshina Kannada","0.0","3.4","0.06","26.45","26.51","56.1","86.0","99.7"
"80","1986","5","Karnataka","Dakshina Kannada","0.0","3.4","0.1","27.27","27.37","55.2","86.0","98.9"
"80","1987","5","Karnataka","Dakshina Kannada","0.0","3.4","0.68","28.07","28.75","53.1","85.2","99.1"
"80","1988","5","Karnataka","Dakshina Kannada","0.0","3.6","0.9","29.58","30.48","53.6","87.9","98.5"
"80","1989","5","Karnataka","Dakshina Kannada","0.0","3.5","0.99","29.95","30.94","58.2","92.9","101.7"
"80","1990","5","Karnataka","Dakshina Kannada","0.0","3.55","1.31","32.53","33.84","56.92","94.32","103.25"
"80","1991","5","Karnataka","Dakshina Kannada","0.0","3.55","1.41","32.9","34.31","56.65","94.52","102.38"
"80","1992","5","Karnataka","Dakshina Kannada","0.0","3.6","1.53","33.65","35.18","57.8","96.58","103.59"
"80","1993","5","Karnataka","Dakshina Kannada","0.0","3.52","1.72","34.33","36.05","57.23","96.81","103.62"
"80","1994","5","Karnataka","Dakshina Kannada","0.0","3.66","1.87","35.21","37.08","58.24","98.98","105.93"
"80","1995","5","Karnataka","Dakshina Kannada","0.0","3.63","2.01","37.27","39.28","51.43","94.33","102.36"
"80","1996","5","Karnataka","Dakshina Kannada","0.0","3.62","2.26","37.63","39.89","52.5","96.01","103.3"
"80","1997","5","Karnataka","Dakshina Kannada","0.0","3.64","2.74","36.77","39.51","55.89","99.38","105.87"
"80","1998","5","Karnataka","Dakshina Kannada","0.0","3.83","3.17","36.58","39.75","56.69","100.27","105.59"
"80","1999","5","Karnataka","Dakshina Kannada","0.0","3.82","3.68","38.24","41.92","58.8","104.54","109.84"
"80","2000","5","Karnataka","Dakshina Kannada","0.0","3.4","4.1","38.0","42.1","59.6","105.1","110.1"
"80","2001","5","Karnataka","Dakshina Kannada","0.0","3.45","4.34","39.49","43.84","58.41","107.35","112.43"
"80","2002","5","Karnataka","Dakshina Kannada","0.0","2.18","9.46","60.79","70.25","33.29","106.7","111.21"
"80","2003","5","Karnataka","Dakshina Kannada","0.0","1.89","9.51","61.0","70.51","32.88","105.8","112.91"
"80","2004","5","Karnataka","Dakshina Kannada","0.0","1.85","9.55","60.87","70.41","32.48","104.74","108.64"
"80","2005","5","Karnataka","Dakshina Kannada","0.0","1.48","9.49","66.06","75.55","28.02","105.05","108.26"
"80","2006","5","Karnataka","Dakshina Kannada","0.0","1.47","9.65","61.86","71.51","31.05","104.94","107.32"
"80","2007","5","Karnataka","Dakshina Kannada","0.0","1.37","10.09","61.63","71.73","29.5","103.49","105.57"
"80","2008","5","Karnataka","Dakshina Kannada","0.0","1.25","10.13","62.29","72.42","28.59","103.34","105.46"
"80","2009","5","Karnataka","Dakshina Kannada","0.0","1.0","10.02","63.13","73.15","28.48","103.71","105.58"
"80","2010","5","Karnataka","Dakshina Kannada","0.0","0.82","10.17","64.06","74.24","29.58","104.65","107.14"
"80","2011","5","Karnataka","Dakshina Kannada","0.0","0.73","75.19","0.0","75.19","29.09","105.01","107.66"
"80","2012","5","Karnataka","Dakshina Kannada","0.0","0.54","10.18","63.94","74.11","29.12","103.77","106.47"
"80","2013","5","Karnataka","Dakshina Kannada","0.0","0.47","10.25","65.58","75.82","28.85","105.15","107.77"
"80","2014","5","Karnataka","Dakshina Kannada","0.0","0.45","16.89","67.95","84.84","28.11","113.4","115.95"
"80","2015","5","Karnataka","Dakshina Kannada","0.0","0.45","17.29","65.83","83.12","26.42","109.99","114.56"
"80","2016","5","Karnataka","Dakshina Kannada","0.0","0.49","19.63","58.46","78.11","22.9","101.49","106.83"
"80","2017","5","Karnataka","Dakshina Kannada","0.0","0.46","21.57","61.44","82.99","24.83","108.3","111.05"
"81","1966","5","Karnataka","Uttara Kannada","1.1","8.6","0.0","1.26","1.26","5.5","16.4","16.8"
"81","1967","5","Karnataka","Uttara Kannada","1.4","7.6","0.0","0.94","0.94","3.9","13.9","14.9"
"81","1968","5","Karnataka","Uttara Kannada","1.7","7.1","0.0","0.86","0.86","3.4","13.1","13.7"
"81","1969","5","Karnataka","Uttara Kannada","1.4","11.8","0.0","1.31","1.31","6.4","20.9","21.2"
"81","1970","5","Karnataka","Uttara Kannada","1.9","11.5","0.0","1.15","1.15","6.1","20.4","27.4"
"81","1971","5","Karnataka","Uttara Kannada","1.9","11.5","0.0","3.09","3.09","6.2","22.7","22.8"
"81","1972","5","Karnataka","Uttara Kannada","1.4","10.5","0.0","2.76","2.76","6.7","21.4","21.6"
"81","1973","5","Karnataka","Uttara Kannada","1.5","9.7","0.0","1.66","1.66","6.5","19.3","19.3"
"81","1974","5","Karnataka","Uttara Kannada","1.4","9.6","0.01","3.03","3.04","7.1","21.2","21.2"
"81","1975","5","Karnataka","Uttara Kannada","0.0","14.5","0.0","3.15","3.15","4.4","22.1","22.1"
"81","1976","5","Karnataka","Uttara Kannada","0.0","11.0","0.0","3.07","3.07","5.1","19.2","19.3"
"81","1977","5","Karnataka","Uttara Kannada","0.0","11.1","0.0","3.37","3.37","5.7","20.1","20.4"
"81","1978","5","Karnataka","Uttara Kannada","0.1","10.4","0.0","3.19","3.19","6.3","20.1","20.3"
"81","1979","5","Karnataka","Uttara Kannada","0.0","10.0","0.0","3.46","3.46","8.0","21.0","21.0"
"81","1980","5","Karnataka","Uttara Kannada","0.0","9.9","0.0","3.46","3.46","8.5","22.0","23.0"
"81","1981","5","Karnataka","Uttara Kannada","0.0","9.8","0.0","3.5","3.5","7.6","21.0","21.0"
"81","1982","5","Karnataka","Uttara Kannada","0.0","9.4","0.0","3.69","3.69","8.4","21.8","22.3"
"81","1983","5","Karnataka","Uttara Kannada","0.0","10.0","0.0","3.59","3.59","7.7","21.3","21.7"
"81","1984","5","Karnataka","Uttara Kannada","0.0","9.5","0.0","3.53","3.53","7.6","20.5","20.8"
"81","1985","5","Karnataka","Uttara Kannada","0.0","8.4","0.0","3.7","3.7","7.6","19.7","20.5"
"81","1986","5","Karnataka","Uttara Kannada","0.0","11.3","0.02","3.74","3.76","7.5","22.5","24.7"
"81","1987","5","Karnataka","Uttara Kannada","0.0","9.8","0.07","3.96","4.03","7.7","21.5","22.3"
"81","1988","5","Karnataka","Uttara Kannada","0.0","9.4","0.08","4.35","4.43","7.7","21.9","22.6"
"81","1989","5","Karnataka","Uttara Kannada","0.0","8.5","0.1","4.34","4.44","7.9","21.2","21.6"
"81","1990","5","Karnataka","Uttara Kannada","0.0","9.1","0.09","4.77","4.86","8.9","22.9","23.2"
"81","1991","5","Karnataka","Uttara Kannada","0.0","9.4","0.1","4.89","4.99","9.0","23.3","24.1"
"81","1992","5","Karnataka","Uttara Kannada","0.0","10.1","0.07","4.9","4.97","9.4","24.5","25.0"
"81","1993","5","Karnataka","Uttara Kannada","0.0","9.7","0.17","4.91","5.08","9.0","23.7","24.8"
"81","1994","5","Karnataka","Uttara Kannada","0.0","10.3","0.17","4.96","5.13","9.1","24.6","25.2"
"81","1995","5","Karnataka","Uttara Kannada","0.0","10.05","0.19","4.99","5.18","8.88","24.11","24.11"
"81","1996","5","Karnataka","Uttara Kannada","0.0","9.81","0.19","5.07","5.26","9.05","24.1","24.12"
"81","1997","5","Karnataka","Uttara Kannada","0.0","10.46","0.19","4.83","5.02","9.03","24.91","24.91"
"81","1998","5","Karnataka","Uttara Kannada","0.0","10.34","0.21","4.8","5.01","9.75","25.09","25.19"
"81","1999","5","Karnataka","Uttara Kannada","0.25","9.35","0.23","4.86","5.09","9.72","24.39","24.49"
"81","2000","5","Karnataka","Uttara Kannada","0.6","7.1","0.2","5.1","5.3","10.3","23.3","24.6"
"81","2001","5","Karnataka","Uttara Kannada","0.12","6.46","0.64","5.38","6.02","9.54","22.14","22.49"
"81","2002","5","Karnataka","Uttara Kannada","0.0","5.04","1.24","5.17","6.41","9.77","21.22","21.4"
"81","2003","5","Karnataka","Uttara Kannada","0.0","5.11","1.2","5.15","6.35","9.58","21.04","21.4"
"81","2004","5","Karnataka","Uttara Kannada","0.17","5.83","1.29","5.19","6.48","9.94","22.42","23.11"
"81","2005","5","Karnataka","Uttara Kannada","0.09","4.75","2.09","7.3","9.39","11.2","25.43","26.93"
"81","2006","5","Karnataka","Uttara Kannada","0.0","4.75","1.94","7.72","9.66","11.54","25.95","26.75"
"81","2007","5","Karnataka","Uttara Kannada","0.0","4.97","2.18","8.02","10.2","11.74","26.91","27.51"
"81","2008","5","Karnataka","Uttara Kannada","0.0","4.96","2.66","9.48","12.14","10.5","27.6","28.73"
"81","2009","5","Karnataka","Uttara Kannada","0.0","5.66","2.57","9.77","12.34","10.45","28.45","30.27"
"81","2010","5","Karnataka","Uttara Kannada","0.0","5.76","2.84","9.97","12.81","10.87","29.44","30.59"
"81","2011","5","Karnataka","Uttara Kannada","0.0","6.59","13.37","0.0","13.37","11.21","31.17","32.4"
"81","2012","5","Karnataka","Uttara Kannada","0.0","6.6","3.57","9.83","13.4","12.43","32.43","36.18"
"81","2013","5","Karnataka","Uttara Kannada","0.0","6.88","4.95","9.87","14.82","12.33","34.04","35.65"
"81","2014","5","Karnataka","Uttara Kannada","0.0","5.86","7.97","10.35","18.32","14.61","38.78","40.43"
"81","2015","5","Karnataka","Uttara Kannada","0.0","6.02","8.46","10.4","18.86","14.32","39.19","41.25"
"81","2016","5","Karnataka","Uttara Kannada","0.0","6.03","8.64","9.37","18.0","14.35","38.38","40.21"
"81","2017","5","Karnataka","Uttara Kannada","0.0","6.66","9.69","9.45","19.13","14.8","40.59","42.51"
"82","1966","5","Karnataka","Kodagu / Coorg","3.7","2.2","0.0","0.0","0.0","2.0","7.9","8.1"
"82","1967","5","Karnataka","Kodagu / Coorg","3.7","2.3","0.0","0.0","0.0","1.9","7.9","8.4"
"82","1968","5","Karnataka","Kodagu / Coorg","3.7","2.4","0.0","0.0","0.0","2.0","8.1","8.5"
"82","1969","5","Karnataka","Kodagu / Coorg","3.7","2.4","0.0","0.0","0.0","2.0","8.0","8.6"
"82","1970","5","Karnataka","Kodagu / Coorg","3.5","2.5","0.0","0.25","0.25","2.4","8.5","9.2"
"82","1971","5","Karnataka","Kodagu / Coorg","3.5","2.5","0.0","0.25","0.25","2.5","8.8","9.9"
"82","1972","5","Karnataka","Kodagu / Coorg","2.4","9.1","0.0","0.25","0.25","4.7","16.4","19.2"
"82","1973","5","Karnataka","Kodagu / Coorg","2.4","9.1","0.0","0.25","0.25","4.7","16.4","18.4"
"82","1974","5","Karnataka","Kodagu / Coorg","2.7","10.6","0.0","0.25","0.25","3.8","16.4","19.4"
"82","1975","5","Karnataka","Kodagu / Coorg","2.4","9.1","0.0","0.25","0.25","4.7","16.4","20.9"
"82","1976","5","Karnataka","Kodagu / Coorg","2.4","7.7","0.0","0.25","0.25","3.7","14.1","16.1"
"82","1977","5","Karnataka","Kodagu / Coorg","2.5","8.1","0.0","1.25","1.25","2.7","14.5","16.3"
"82","1978","5","Karnataka","Kodagu / Coorg","3.4","7.7","0.0","0.26","0.26","2.5","13.8","16.1"
"82","1979","5","Karnataka","Kodagu / Coorg","1.0","1.0","0.0","0.4","0.4","1.0","3.0","3.0"
"82","1980","5","Karnataka","Kodagu / Coorg","0.6","1.5","0.0","0.43","0.43","0.6","3.0","3.0"
"82","1981","5","Karnataka","Kodagu / Coorg","1.4","1.5","0.0","0.46","0.46","0.8","4.0","4.0"
"82","1982","5","Karnataka","Kodagu / Coorg","1.8","1.5","0.0","0.41","0.41","0.5","4.6","5.2"
"82","1983","5","Karnataka","Kodagu / Coorg","1.8","1.5","0.0","0.41","0.41","0.7","4.4","4.7"
"82","1984","5","Karnataka","Kodagu / Coorg","1.8","1.5","0.0","0.42","0.42","0.7","4.4","4.7"
"82","1985","5","Karnataka","Kodagu / Coorg","1.7","1.0","0.0","0.3","0.3","1.0","4.0","6.1"
"82","1986","5","Karnataka","Kodagu / Coorg","2.7","1.1","0.0","0.19","0.19","0.4","4.4","5.6"
"82","1987","5","Karnataka","Kodagu / Coorg","4.3","0.5","0.0","0.0","0.0","0.5","5.3","5.7"
"82","1988","5","Karnataka","Kodagu / Coorg","3.9","0.2","0.0","0.03","0.03","1.2","5.3","5.7"
"82","1989","5","Karnataka","Kodagu / Coorg","2.4","0.2","0.0","0.0","0.0","1.5","4.0","5.7"
"82","1990","5","Karnataka","Kodagu / Coorg","2.5","0.2","0.0","0.02","0.02","1.5","4.2","5.9"
"82","1991","5","Karnataka","Kodagu / Coorg","2.2","0.2","0.0","0.02","0.02","1.2","3.7","4.8"
"82","1992","5","Karnataka","Kodagu / Coorg","2.2","0.2","0.0","0.03","0.03","1.6","4.0","5.2"
"82","1993","5","Karnataka","Kodagu / Coorg","2.2","0.1","0.0","0.02","0.02","1.4","3.7","5.1"
"82","1994","5","Karnataka","Kodagu / Coorg","2.2","0.1","0.0","0.01","0.01","1.0","3.3","4.5"
"82","1995","5","Karnataka","Kodagu / Coorg","1.74","0.09","0.0","0.01","0.01","0.66","2.5","2.62"
"82","1996","5","Karnataka","Kodagu / Coorg","1.7","0.1","0.0","0.03","0.03","0.76","2.6","3.05"
"82","1997","5","Karnataka","Kodagu / Coorg","1.71","0.12","0.0","0.02","0.02","0.86","2.73","3.41"
"82","1998","5","Karnataka","Kodagu / Coorg","2.05","0.08","0.0","0.03","0.03","0.94","3.09","4.53"
"82","1999","5","Karnataka","Kodagu / Coorg","2.3","0.07","0.0","0.02","0.02","0.64","3.02","3.33"
"82","2000","5","Karnataka","Kodagu / Coorg","3.0","0.2","0.0","0.0","0.0","0.5","3.7","4.7"
"82","2001","5","Karnataka","Kodagu / Coorg","2.42","0.12","0.0","0.01","0.01","0.45","3.0","3.93"
"82","2002","5","Karnataka","Kodagu / Coorg","2.5","0.12","0.01","0.02","0.03","0.54","3.19","3.19"
"82","2003","5","Karnataka","Kodagu / Coorg","2.23","0.1","0.01","0.02","0.03","0.79","3.15","3.52"
"82","2004","5","Karnataka","Kodagu / Coorg","2.55","0.07","0.21","0.03","0.24","2.01","4.86","4.88"
"82","2005","5","Karnataka","Kodagu / Coorg","2.87","0.1","0.7","0.05","0.75","2.08","5.8","6.38"
"82","2006","5","Karnataka","Kodagu / Coorg","2.48","0.13","0.43","0.08","0.51","1.37","4.49","4.68"
"82","2007","5","Karnataka","Kodagu / Coorg","2.1","0.39","1.01","0.05","1.06","0.44","3.99","4.27"
"82","2008","5","Karnataka","Kodagu / Coorg","2.48","0.35","0.87","0.12","0.99","0.88","4.7","4.89"
"82","2009","5","Karnataka","Kodagu / Coorg","2.51","0.21","0.4","0.07","0.47","0.86","4.05","4.08"
"82","2010","5","Karnataka","Kodagu / Coorg","2.43","0.36","0.48","0.0","0.48","0.67","3.93","3.96"
"82","2011","5","Karnataka","Kodagu / Coorg","1.61","0.28","0.06","0.0","0.06","0.41","2.35","2.38"
"82","2012","5","Karnataka","Kodagu / Coorg","1.0","0.12","0.03","0.0","0.03","0.3","1.46","1.49"
"82","2013","5","Karnataka","Kodagu / Coorg","1.24","0.04","0.2","0.0","0.2","0.29","1.77","1.8"
"82","2014","5","Karnataka","Kodagu / Coorg","1.23","0.05","0.2","0.0","0.2","0.17","1.64","1.64"
"82","2015","5","Karnataka","Kodagu / Coorg","1.23","0.09","0.11","0.0","0.11","0.13","1.56","1.56"
"82","2016","5","Karnataka","Kodagu / Coorg","1.12","0.08","0.08","0.0","0.08","0.11","1.38","1.51"
"82","2017","5","Karnataka","Kodagu / Coorg","1.86","0.17","0.06","0.0","0.06","0.1","2.19","2.4"